,Media Source,Date,Text,Compound,Positive,Neutral,Negative,Tweet Count
0,BBC,Sun Nov 05 20:49:53 +0000 2017,"RT @BBCOne: Q: How many tickles does it take to make a squid laugh?
A: Ten tickles. 

#BluePlanet2 https://t.co/fhKPOUBp5U",0.5574,0.175,0.825,0.0,1
1,BBC,Sun Nov 05 20:47:59 +0000 2017,RT @bbcstrictly: That shock result has left us spinning. RT to show your love for @AstonMerrygold and @JManrara ? https://t.co/KJVszLhB2k,0.3818,0.176,0.714,0.109,2
2,BBC,Sun Nov 05 20:46:18 +0000 2017,"RT @BBCTwo: Well, you don't see that every day... #RobotWars https://t.co/sLq92M7mqY",0.2732,0.174,0.826,0.0,3
3,BBC,Sun Nov 05 20:46:10 +0000 2017,RT @BBCOne: Can’t beat a good accessory. ? #BluePlanet2 https://t.co/mRZZEdwmlO,0.4404,0.293,0.707,0.0,4
4,BBC,Sun Nov 05 20:46:01 +0000 2017,RT @BBCPanorama: Watch our #paradisepapers investigation into the offshore secrets of the rich &amp; famous on iPlayer.  https://t.co/MIH4CMbhZ…,0.5574,0.175,0.825,0.0,5
5,BBC,Sun Nov 05 20:08:11 +0000 2017,"RT @BBCBreaking: At least 27 people killed in Texas church shooting, police commissioner in Sutherland Springs tells US media https://t.co/…",-0.6705,0.0,0.809,0.191,6
6,BBC,Sun Nov 05 19:35:03 +0000 2017,? @LouisTheroux meets disaffected former members of the Church of Scientology. #MyScientologyMovie. Tonight at 9pm… https://t.co/5hRLxriwiW,0.0,0.0,1.0,0.0,7
7,BBC,Sun Nov 05 19:02:04 +0000 2017,When your other half cheats on you with #StrangerThings. ? Via @BBCTheSocial. https://t.co/NOpHOfbIKb,-0.4215,0.0,0.797,0.203,8
8,BBC,Sun Nov 05 18:31:08 +0000 2017,? Family favourites at their finest. Check out these recipes for 10 absolute classics. ? https://t.co/kFD6BsfO6q https://t.co/xw1Q5SYadk,0.0,0.0,1.0,0.0,9
9,BBC,Sun Nov 05 18:01:02 +0000 2017,Second hand smoke affects our pets too. ?? Via @BBCBreakfast. https://t.co/TCdA8m85dm,0.4939,0.242,0.758,0.0,10
10,BBC,Sun Nov 05 17:29:05 +0000 2017,It took more than 1 man on a single night to nearly change the course of British history. ? #BonfireNight.… https://t.co/RnzZm8yh9j,0.0,0.0,1.0,0.0,11
11,BBC,Sun Nov 05 17:01:05 +0000 2017,"'It's one of those stories you think you know. Then you realise you just don't.'

Do you know the real… https://t.co/M8np5ep1yz",0.0,0.0,1.0,0.0,12
12,BBC,Sun Nov 05 16:30:06 +0000 2017,"?? How much would you pay for a cask of rare Scotch whisky? An anonymous buyer in Hong Kong just dropped £285,000.… https://t.co/ZzUInzNqEo",-0.1027,0.0,0.938,0.062,13
13,BBC,Sun Nov 05 16:02:04 +0000 2017,"#PeakyBlinders series 4 returns to @BBCTwo, Wednesday 15th November at 9pm. https://t.co/lbVlyzhb4p",0.0,0.0,1.0,0.0,14
14,BBC,Sun Nov 05 15:32:01 +0000 2017,"Tonight, #BluePlanet2 makes a groundbreaking journey to the depths of the ocean. 8pm on @BBCOne. ? ? ?… https://t.co/S3gcHqmTMf",0.0,0.0,1.0,0.0,15
15,BBC,Sun Nov 05 15:00:21 +0000 2017,Moynaq: The port city that lost its water. ? Via @BBC_Travel. https://t.co/Qr1ZLExpBb https://t.co/G8QxO8qAZ5,-0.3182,0.0,0.827,0.173,16
16,BBC,Sun Nov 05 14:30:05 +0000 2017,"Having a bonfire today? ?
Make sure you think about the hedgehogs! Via @BBCSpringwatch.

More ?… https://t.co/zbHOX6yl9O",0.3802,0.156,0.844,0.0,17
17,BBC,Sun Nov 05 14:00:17 +0000 2017,From wild goats to woodland walks - here are your pictures of beautiful Scotland. ? https://t.co/sv03yk0H76 https://t.co/KHKNGXcROU,0.5994,0.218,0.782,0.0,18
18,BBC,Sun Nov 05 13:30:06 +0000 2017,"Can @Joe_Sugg zip it for 30s? 
If chatting is your thing, how about a sponsored silence for #CiN? 
More ideas here… https://t.co/OPA2UMuuPZ",0.0,0.0,1.0,0.0,19
19,BBC,Sun Nov 05 13:00:08 +0000 2017,Guy Fawkes: Why do bonfires still burn 400 years on? ? #BonfireNight #GuyFawkesNight. https://t.co/dAKAZY4ZEX https://t.co/lsiivkKSgk,0.0,0.0,1.0,0.0,20
20,BBC,Sun Nov 05 12:01:01 +0000 2017,? A group of octopuses were seen taking a leisurely stroll along a Ceredigion beach last Friday night. Via… https://t.co/n3jq0oNT7J,0.0,0.0,1.0,0.0,21
21,BBC,Sun Nov 05 11:00:06 +0000 2017,?By 2050 70% of the world's population will be living in cities. Time to radically rethink what we want from a city… https://t.co/pz5xleBKWz,0.0772,0.058,0.942,0.0,22
22,BBC,Sun Nov 05 10:05:04 +0000 2017,"??? When the boys wouldn't let them play football, these girls took matters into their own hands. Via @BBC100Women. https://t.co/0j68Wbrr3Z",-0.2349,0.052,0.852,0.096,23
23,BBC,Sun Nov 05 09:30:26 +0000 2017,".@LindaRobson58, @tomallencomedy, @misJORGIEPORTER &amp; @OreOduba star in @GrumpyLGoodman's Partners in Rhyme:… https://t.co/SLJlz8D01M",0.0,0.0,1.0,0.0,24
24,BBC,Sun Nov 05 09:30:09 +0000 2017,"? From the new Pixar animation to Oscar-favourite coming-of-age stories, here are 10 films to watch this November.?… https://t.co/NqtcuUqOXN",0.0,0.0,1.0,0.0,25
25,BBC,Sun Nov 05 09:24:59 +0000 2017,"RT @BBCWthrWatchers: Morning all! Only one way to start our Sunday and that's with a bit of ...

?Oooooooooo! ? Aahhhhhhhhhh!? https://t.co…",0.0,0.0,1.0,0.0,26
26,BBC,Sun Nov 05 09:24:54 +0000 2017,"RT @BBCSpringwatch: Stunning capture of puffins at the Isle of May, Scotland. https://t.co/cBWxx9rQav",0.3818,0.178,0.822,0.0,27
27,BBC,Sun Nov 05 09:24:48 +0000 2017,RT @BBCFood: Heading to the fireworks later? Put this in the slow cooker and warm up when you get home https://t.co/EPJfvmFkfS https://t.co…,0.2263,0.083,0.917,0.0,28
28,BBC,Sun Nov 05 09:24:40 +0000 2017,"RT @bbcstrictly: Debbie’s Tango gets a remarkable reaction from Craig, and Ruth’s Paso doesn’t quite go to plan. Watch the best bits from #…",0.8316,0.271,0.729,0.0,29
29,BBC,Sun Nov 05 08:30:15 +0000 2017,?? Why do we have Bonfire Night and fireworks displays every November 5 in the UK? https://t.co/lYBHme3LJZ https://t.co/qln8Tk64FN,0.0,0.0,1.0,0.0,30
30,BBC,Sun Nov 05 08:01:01 +0000 2017,?? Eggs for breakfast anyone? @Nigella_Lawson shares her secret for poached perfection. Via @BBC5Live. https://t.co/vnyAxh4gGU,0.7096,0.312,0.688,0.0,31
31,BBC,Sat Nov 04 21:24:11 +0000 2017,"RT @bbcmusic: ""What do you think of Chip N Pin House..?"" ??
Did you miss last night's #SLFN with @LiamPayne?
Catch up ? https://t.co/6VxEw9…",-0.2406,0.0,0.915,0.085,32
32,BBC,Sat Nov 04 21:03:00 +0000 2017,RT @bbcstrictly: The first 40 of #Strictly 2017! For @thedebbiemcgee and @pernicegiovann1! https://t.co/QOmbUBbH9U,0.0,0.0,1.0,0.0,33
33,BBC,Sat Nov 04 20:03:04 +0000 2017,"Tonight, Josh is back and at his irritated best. @JoshWiddicombe: What Do I Do Now... 9pm on @BBCTwo. ?… https://t.co/Do2c1i94m7",0.296,0.174,0.702,0.124,34
34,BBC,Sat Nov 04 19:30:01 +0000 2017,.@LouisTheroux spends time with those battling the psychiatric disorder with the highest death rate.… https://t.co/2BHScuxQB5,-0.8271,0.0,0.58,0.42,35
35,BBC,Sat Nov 04 18:54:03 +0000 2017,"Tonight, I Know Who You Are returns. 9pm on @BBCFour. https://t.co/DfGhcMNagW https://t.co/ecgQjgPaIx",0.0,0.0,1.0,0.0,36
36,BBC,Sat Nov 04 18:30:11 +0000 2017,? You don't have to spend lots of time peeling &amp; chopping to make moreish veggie meals. These are ready in no time.… https://t.co/x8cDwQQVJd,0.0772,0.097,0.817,0.086,37
37,BBC,Sat Nov 04 18:01:03 +0000 2017,"??? 'Anything that flies &amp; crawls, I illustrate them.' ~ @RLewington2.
Via @BBCSpringwatch. https://t.co/o2fbgbTVBw",0.0,0.0,1.0,0.0,38
38,BBC,Sat Nov 04 17:30:08 +0000 2017,"'I lost £5,000 in 48 hours on fixed-odds betting machines.' https://t.co/8wIVhcOP7n https://t.co/D0GELRXjwe",-0.3182,0.0,0.827,0.173,39
39,BBC,Sat Nov 04 17:00:04 +0000 2017,"Israa &amp; her family fled Syria in 2015. Now granted asylum in Germany, she’s rebuilt her life &amp; can go to school aga… https://t.co/pTFFUJQ3Lj",0.25,0.08,0.92,0.0,40
40,BBC,Sat Nov 04 16:31:01 +0000 2017,"Pro surfer, Heidar Logi braves Iceland's freezing conditions to surf under the Northern Lights. ?? Via… https://t.co/6cPd5lVami",0.3612,0.15,0.777,0.073,41
41,BBC,Sat Nov 04 16:00:06 +0000 2017,"What would you do if you won the lottery? Buy a house? Travel? 

Rachel Lapierre set up the charity, @LHumanitaire.… https://t.co/Xu0ld6bBAn",0.7929,0.281,0.719,0.0,42
42,BBC,Sat Nov 04 15:32:06 +0000 2017,"Amy Winehouse, @Adele, @LoyleCarner &amp; @EllaEyre all went to @TheBRITSchool. But it's more than just a fame academy.… https://t.co/u4UL7qZKCr",0.4877,0.157,0.843,0.0,43
43,BBC,Sat Nov 04 15:00:12 +0000 2017,Trucker culture is dying with automation – and with it millions of jobs. ? https://t.co/UgdVkYIbFU https://t.co/71XSYxlaZt,0.0,0.0,1.0,0.0,44
44,BBC,Sat Nov 04 14:53:43 +0000 2017,"RT @BBCMOTD: Peter Crouch = super sub.

His 15th goal as a sub.

Only Defoe (23), Kanu and Solskjaer (17) have more.

https://t.co/8UftsSAX…",0.5994,0.163,0.837,0.0,45
45,BBC,Sat Nov 04 14:53:11 +0000 2017,"RT @BBCSport: FT England 29-10 Lebanon

Get all the reaction on @BBCTwo &amp; @5liveSport Extra ? https://t.co/KklI8h3yma #RLWC2017 #bbcrl #ENG…",0.0,0.0,1.0,0.0,46
46,BBC,Sat Nov 04 14:52:17 +0000 2017,"RT @BBCSport: Felipe Massa will retire from #F1  at the end of this season.

Find out more? https://t.co/STCmQnwvzK https://t.co/eSlDcW15wV",0.0,0.0,1.0,0.0,47
47,BBC,Sat Nov 04 14:44:58 +0000 2017,"RT @BBCOne: Welcome to the family business. 

@jginorton leads an all-star cast in #McMafia. Coming soon to @BBCOne. https://t.co/We5GwJk4i0",0.4588,0.143,0.857,0.0,48
48,BBC,Sat Nov 04 14:26:38 +0000 2017,RT @bbcthree: This barber reminds us how small actions can make a big difference. https://t.co/YelP68UZxh,0.0,0.0,1.0,0.0,49
49,BBC,Sat Nov 04 14:26:06 +0000 2017,"Did you know there’s a best time to eat, think &amp; do sport? It’s not just our brain's clock that keeps time for us.… https://t.co/76BDqzsz7k",0.6369,0.154,0.846,0.0,50
50,BBC,Sat Nov 04 14:03:04 +0000 2017,Police discover a suspected 'WW2 bomb' is actually a big courgette. https://t.co/YyKrAVnycQ https://t.co/vdZnam8Bjt,-0.6249,0.0,0.638,0.362,51
51,BBC,Sat Nov 04 13:30:07 +0000 2017,"'We have our stories, struggles &amp; power. We just need to be represented.' Meet the photographer reframing beauty.??… https://t.co/bPTmyHcNfy",-0.3612,0.0,0.878,0.122,52
52,BBC,Sat Nov 04 13:03:09 +0000 2017,? ? Did you know that Disney is the largest consumer of fireworks in the world? More firework facts ?… https://t.co/QLVen2LXWX,0.0,0.0,1.0,0.0,53
53,BBC,Sat Nov 04 12:32:03 +0000 2017,Can’t get enough of #BluePlanet2? Take a deeper dive into the science of the show with this podcast. ?… https://t.co/qhoRuQ0PXz,0.0,0.0,1.0,0.0,54
54,BBC,Sat Nov 04 12:03:04 +0000 2017,"Twitter users were left confused after the name ""Sue"" was discovered etched into an Oxfordshire field. #WhoIsSue… https://t.co/VZFnZ62n7A",-0.3182,0.0,0.881,0.119,55
55,BBC,Sat Nov 04 11:30:05 +0000 2017,"To celebrate Murder on the Orient Express hitting UK cinemas, here are seven train movies to set the pulse racing.… https://t.co/PqTALE0vcn",-0.25,0.135,0.693,0.172,56
56,BBC,Sat Nov 04 11:01:02 +0000 2017,Someone has farted on @grahnort's sofa...but who was it? ? (Via @BBCOne) https://t.co/zG2YvGvac9,0.0,0.0,1.0,0.0,57
57,BBC,Sat Nov 04 10:30:05 +0000 2017,There remains intense interest in Ruan Lingyu &amp; the mystery surrounding her death. Who was the enigmatic film star?… https://t.co/hFtAJiePry,-0.1531,0.171,0.675,0.155,58
58,BBC,Sat Nov 04 09:30:04 +0000 2017,Gossip travels fast in Shetland. ? Via @BBCTheSocial. https://t.co/vzZq1YZUYI,-0.1779,0.0,0.805,0.195,59
59,BBC,Sat Nov 04 09:24:21 +0000 2017,"RT @BBCCiN: The best brains in Britain are building life-changing solutions for children in the #CiN Big Life Fix special.

@BBCTwo? Wed 8t…",0.8225,0.301,0.699,0.0,60
60,BBC,Sat Nov 04 09:23:31 +0000 2017,"RT @CBeebiesHQ: Whatever the weather, keep your kids entertained this #autumn with these 5 ideas...

?? https://t.co/wT8oVaVYqg ?

@HEYDUGG…",0.4019,0.144,0.856,0.0,61
61,BBC,Sat Nov 04 09:22:39 +0000 2017,"RT @5liveSport: ""My kids saw me in a state that a kid should never see his Dad""

This is powerful stuff: 
Stiliyan Petrov on his brave batt…",0.7351,0.212,0.788,0.0,62
62,BBC,Sat Nov 04 09:00:04 +0000 2017,"Happy 2nd birthday @BBCWthrWatchers! ??
Keep those stunning photos rolling in. ?? https://t.co/FOzCyLKlrB https://t.co/Tcy4xYfHWs",0.7644,0.355,0.645,0.0,63
63,BBC,Sat Nov 04 08:30:06 +0000 2017,The bloodworm is one of the many 'stars' to feature in a venomous animals exhibition at @NHM_London next week. ?… https://t.co/XxCmXRBhSS,0.0,0.0,1.0,0.0,64
64,BBC,Sat Nov 04 08:03:01 +0000 2017,And...relax. Spend three minutes in the beautiful British countryside with this footage from @BBCSpringwatch's wild… https://t.co/K3XJtvBbtW,0.5994,0.206,0.794,0.0,65
65,BBC,Fri Nov 03 23:51:35 +0000 2017,"RT @bbcmusic: ""I'm more of a @CherylOfficial fan actually"" ?

(Sorry @LiamPayne)

#SLFN https://t.co/MXxDilJSq3",0.3744,0.189,0.811,0.0,66
66,BBC,Fri Nov 03 23:51:06 +0000 2017,"RT @BBCSport: The perfect recipe for an FA Cup classic.

#WinnerStaysOn #bbcfacup https://t.co/wP1fszdCvU",0.5719,0.236,0.764,0.0,67
67,BBC,Fri Nov 03 23:50:05 +0000 2017,"RT @BBCNewsbeat: Beyoncé, here's some advice from the cast of The Lion King musical in London ?

""Try not to outshine [the rest of the cast…",0.0,0.0,1.0,0.0,68
68,BBC,Fri Nov 03 19:31:04 +0000 2017,"In childbirth, a simple light can be the difference between life &amp; death. ?#BBCInnovators #SoCent @BBCWorldService.… https://t.co/mNFqNg0glJ",-0.5994,0.0,0.794,0.206,69
69,BBC,Fri Nov 03 19:05:01 +0000 2017,"'When I Google @Harry_Styles worst outfit, it's all the same picture'. ? Watch #HarryStylesAtTheBBC ?… https://t.co/UjOJ1LcyQt",-0.6249,0.0,0.76,0.24,70
70,BBC,Fri Nov 03 18:30:08 +0000 2017,"??? Forget about the Cronut, a mince pie croissant is coming for Christmas! 
https://t.co/mrTI8CLn2r https://t.co/7BYkA8Vv3n",-0.2942,0.0,0.856,0.144,71
71,BBC,Fri Nov 03 18:01:04 +0000 2017,What drives someone to send abusive messages to a stranger online? Via @BBCTheSocial. https://t.co/Cxo8DuEtG6,-0.6369,0.0,0.741,0.259,72
72,BBC,Fri Nov 03 17:31:05 +0000 2017,"If women suddenly became physically stronger than men, how would society change? ?? https://t.co/qwZ5idgRsX https://t.co/zoJH7Pf6fm",0.3818,0.157,0.843,0.0,73
73,BBC,Fri Nov 03 17:03:04 +0000 2017,"? ? @EdSheeran, @LiamGallagher and @BigNarstie to appear on Celebrity Gogglebox. https://t.co/Fh0SK8VjP4 https://t.co/6re7dX2vf3",0.0,0.0,1.0,0.0,74
74,BBC,Fri Nov 03 17:01:02 +0000 2017,Jumping into the weekend like... #FridayFeeling https://t.co/Bn7SDR8280,0.0,0.0,1.0,0.0,75
75,BBC,Fri Nov 03 16:32:04 +0000 2017,? From @Harry_Styles' love of Sister Act to the way he likes his chips: what we learned from #HarryStylesAtTheBBC.… https://t.co/zHLFRFTXoh,0.7906,0.292,0.708,0.0,76
76,BBC,Fri Nov 03 16:01:05 +0000 2017,"There's still time to catch up on last week's #SLFN ahead of tonight's show, guest-hosted by @LiamPayne! ??
Watch ?… https://t.co/gvwjlpjsVJ",0.0,0.0,1.0,0.0,77
77,BBC,Fri Nov 03 15:25:06 +0000 2017,Ready to watch @Harry_Styles' show again? Us too. ? ? #HarryStylesAtTheBBC is on @BBCiPlayer now.… https://t.co/V3VkJHKToA,0.3612,0.161,0.839,0.0,78
78,BBC,Fri Nov 03 15:09:46 +0000 2017,"RT @bbcpress: Helena Bonham Carter narrates #SayingGoodbye, a special film for #CiN to shed a light on Childhood Bereavement: https://t.co/…",0.4019,0.137,0.863,0.0,79
79,BBC,Fri Nov 03 14:05:17 +0000 2017,"RT @BBCSpringwatch: Remember, you can catch up with #Autumnwatch for the next few weeks
https://t.co/U7yr1lnpLm https://t.co/B1diCYr9zG",0.0,0.0,1.0,0.0,80
80,BBC,Fri Nov 03 14:04:55 +0000 2017,"RT @bbcmusic: ? @LiamPayne we are SO READY ?
#SLFN https://t.co/GWU3xAKmpq",0.6439,0.347,0.653,0.0,81
81,BBC,Fri Nov 03 14:04:50 +0000 2017,"RT @1Xtra: We've got the awesome @MayaJama for the 1st time ? in for @YasminEvans till 16:00 you lucky lucky people ?

??  https://t.co/xZV…",0.8658,0.338,0.662,0.0,82
82,BBC,Fri Nov 03 14:04:46 +0000 2017,"RT @BBCTwo: Before the #PeakyBlinders return for Series 4, take an animated walk through the story so far... ? https://t.co/3JhEYPsOTc",0.0,0.0,1.0,0.0,83
83,BBC,Fri Nov 03 14:04:10 +0000 2017,In pictures: here's how the weather looked around the world this week. ??? https://t.co/vYCLWW9pu1 https://t.co/KBg4tRImNB,0.0,0.0,1.0,0.0,84
84,BBC,Fri Nov 03 13:33:03 +0000 2017,"Scientists think that we've been wearing shoes for 40,000 years. Where did the different styles of shoes start? ?… https://t.co/rjLMvh8WmF",0.0,0.0,1.0,0.0,85
85,BBC,Fri Nov 03 13:03:09 +0000 2017,"From #PeakyBlinders to Margaret Atwood adaptation Alias Grace, here are ten TV shows to watch this month. ????… https://t.co/iiUdktBMcl",0.4215,0.135,0.865,0.0,86
86,BBC,Fri Nov 03 12:32:01 +0000 2017,Could this be the solution to Nairobi's housing crisis? Via BBC Minute. https://t.co/tcBiUVvxQ4,-0.4215,0.132,0.632,0.236,87
87,BBC,Fri Nov 03 12:05:03 +0000 2017,Introducing AquaSonic: The concert where musicians sing and play instruments underwater. ?? https://t.co/Xbrgxyv8mX https://t.co/pibmjQ9vW3,0.34,0.156,0.844,0.0,88
88,BBC,Fri Nov 03 11:04:05 +0000 2017,Melted cheese ?? Pickle ?? Russian dressing ?? Introducing: The @HairyBikers' Reuben sandwich.… https://t.co/kBSkwbRgSz,0.0,0.0,1.0,0.0,89
89,BBC,Fri Nov 03 10:29:02 +0000 2017,"? @KatieMelua to release @BBCCiN's official 2017 single, ‘Fields of Gold’. https://t.co/r5ihzBuvJS #CiN 

More ??… https://t.co/D3Q9JEDnYc",0.0,0.0,1.0,0.0,90
90,BBC,Fri Nov 03 09:43:00 +0000 2017,"RT @BBCSport: Even. More. Live. Sport. ?

Get ready for 1000 extra hours of live streaming on #BBCSPORT in 2018. https://t.co/91Uz5zo9nt",0.3612,0.116,0.884,0.0,91
91,BBC,Fri Nov 03 09:37:08 +0000 2017,"RT @bbcpress: We'll tell you what we want, what we really, really want... @GeriHalliwell on Saturday night TV! https://t.co/4G7WzQgSls http…",0.1511,0.077,0.923,0.0,92
92,BBC,Fri Nov 03 09:36:17 +0000 2017,RT @BBCRadio2: Thanks @liamgallagher for an awesome In Concert Performance. As You Were. https://t.co/RIbPXt0SHT,0.7906,0.368,0.632,0.0,93
93,BBC,Fri Nov 03 09:35:04 +0000 2017,"RT @BBCR1: ""I hate saying the word 'dumped'... I got... 'let go'""

Totally using 'let go' to describe all our heartbreak now @SamSmithWorld…",-0.8126,0.0,0.73,0.27,94
94,BBC,Fri Nov 03 09:34:25 +0000 2017,"RT @BBCRadio2: No need for scissors! ?? As you were...
@liamgallagher's full gig is now available to watch on the Red Button...
#R2InConcer…",-0.3595,0.0,0.898,0.102,95
95,BBC,Fri Nov 03 09:34:04 +0000 2017,"RT @bbcmusic: ?? #HarryStylesAtTheBBC was everything we dreamed of and more ?”

https://t.co/3GiJNH6ldv",0.0,0.0,1.0,0.0,96
96,BBC,Fri Nov 03 09:30:10 +0000 2017,?? Sir David Attenborough is back on Sunday night bringing us more #BluePlanet2 action. Check out what's in store.… https://t.co/fgC3IFbybm,0.0,0.0,1.0,0.0,97
97,BBC,Fri Nov 03 08:59:03 +0000 2017,The village that shall not be named! Saying the name of this hilltop town in Italy brings you bad luck.… https://t.co/2oelVteA2q,-0.5848,0.0,0.841,0.159,98
98,BBC,Fri Nov 03 08:40:05 +0000 2017,Coffee isn't actually waking you up. It's just blocking your body's natural preparation for sleep. We still love it… https://t.co/zZZKsXrAEq,0.6249,0.255,0.646,0.099,99
99,BBC,Fri Nov 03 08:19:03 +0000 2017,This nurse is busting cancer myths online to help frightened patients seeking information on the internet. ???… https://t.co/aGCXUPZ2Re,-0.6808,0.108,0.6,0.292,100
100,CBS,Sun Nov 05 13:58:35 +0000 2017,Get ready for football! Stream NFL on CBS today w/ #CBSAllAccess (not available on mobile phones). Try 1 week FREE:… https://t.co/BJOWnqgBgc,0.4199,0.128,0.872,0.0,1
101,CBS,Sat Nov 04 20:00:02 +0000 2017,Stream the LSU Tigers at Alabama Crimson Tide LIVE tonight at 8PM ET! Try #CBSAllAccess FREE:… https://t.co/L2k6pXwRIp,0.0,0.0,1.0,0.0,2
102,CBS,Sat Nov 04 13:54:31 +0000 2017,Stream the South Carolina Gamecocks at Georgia Bulldogs LIVE today at 3:30PM ET! Try #CBSAllAccess FREE:… https://t.co/f3nZLlh7Vv,0.0,0.0,1.0,0.0,3
103,CBS,Fri Nov 03 00:45:05 +0000 2017,Stream the season premiere of #LifeInPieces tonight at 9:30/8:30c with a FREE trial of #CBSAllAccess:… https://t.co/FMHinKs6si,0.6166,0.224,0.776,0.0,4
104,CBS,Thu Nov 02 23:02:32 +0000 2017,RT @swatcbs: .@ShemarMoore takes command tonight on the series premiere of #SWAT at 10/9c on @CBS &amp; CBS All Access: https://t.co/ANyt4qF6iF…,0.0,0.0,1.0,0.0,5
105,CBS,Thu Nov 02 19:38:35 +0000 2017,It's almost time! Stream the series premiere of #SWAT tonight at 10/9c with a FREE trial of #CBSAllAccess:… https://t.co/lpPKp9ayTJ,0.6514,0.203,0.797,0.0,6
106,CBS,Thu Nov 02 17:38:03 +0000 2017,RT @CBSThisMorning: Listen to @IainLoveTheatre chat w/ @Mistahwax about making @YoungSheldonCBS his own + his love for Broadway &amp; magic: ht…,0.6369,0.181,0.819,0.0,7
107,CBS,Thu Nov 02 16:47:35 +0000 2017,The ladies are back! Stream the season premiere of #Mom tonight at 9/8c with a FREE trial of #CBSAllAccess:… https://t.co/y4vL5wMSEM,0.6514,0.194,0.806,0.0,8
108,CBS,Thu Nov 02 10:09:01 +0000 2017,"Buffalo viewers: Due to NFL, stream the CBS lineup on-demand at https://t.co/bbQB95EVxJ tonight. For more:… https://t.co/u9U9P7Ggqq",0.0,0.0,1.0,0.0,9
109,CBS,Thu Nov 02 10:08:01 +0000 2017,"NYC viewers ONLY: Due to NFL, tune in to WLNY for CBS Thursday night lineup, or stream on https://t.co/2XNQAg6gJ6 l… https://t.co/LHJahNFRi3",0.0,0.0,1.0,0.0,10
110,CBS,Thu Nov 02 00:24:36 +0000 2017,"Buffalo viewers ONLY: Due to NFL, stream CBS Thursday night lineup on-demand at https://t.co/bbQB95Wwph. For more:… https://t.co/Fzpq2sTzqY",0.0,0.0,1.0,0.0,11
111,CBS,Thu Nov 02 00:19:17 +0000 2017,"NYC viewers ONLY: Due to NFL, tune in to WLNY for CBS Thursday night lineup, or stream on https://t.co/2XNQAgnRAE l… https://t.co/fnwck6n2uv",0.0,0.0,1.0,0.0,12
112,CBS,Wed Nov 01 17:07:30 +0000 2017,"RT @ManWithAPlan: Hi-five, fans! #ManWithAPlan will premiere Monday, Nov. 13 at 8:30/7:30c on @CBS!?? https://t.co/njrMa5S6Qz",0.0,0.0,1.0,0.0,13
113,CBS,Wed Nov 01 00:56:34 +0000 2017,Ready to trick or treat! Celebrate tonight with Michael Jackson's Halloween special on CBS: https://t.co/T3hlVVTfSB… https://t.co/e9ztbUeae0,0.8932,0.494,0.457,0.05,14
114,CBS,Tue Oct 31 20:09:21 +0000 2017,Happy #Halloween! Grab your friends and watch Michael Jackson's Halloween tonight: https://t.co/T3hlVVTfSB… https://t.co/Kg5bxNqwTp,0.7959,0.392,0.608,0.0,15
115,CBS,Tue Oct 31 17:01:24 +0000 2017,Trick or treat. ? Happy Halloween! Catch up on #MJHalloween now:  https://t.co/T3hlVVTfSB https://t.co/DMyE1q4scs,0.7574,0.396,0.533,0.071,16
116,CBS,Tue Oct 31 17:00:06 +0000 2017,RT @swatcbs: Get ready for a thrill ride this Thursday with the series premiere of #SWAT. https://t.co/xz92zXp6kR,0.6124,0.263,0.737,0.0,17
117,CBS,Tue Oct 31 14:00:01 +0000 2017,Join the fun with Jim Parsons as Hay Man in Michael Jackson's Halloween! Watch the full special:… https://t.co/Y1FKFnRd0p,0.6996,0.266,0.734,0.0,18
118,CBS,Mon Oct 30 22:44:05 +0000 2017,RT @SuperiorDonuts: You won't want to miss the #SuperiorDonuts Season 2 premiere tonight at its new time: 9/8c on CBS &amp; CBS All Access: htt…,0.0572,0.059,0.892,0.05,19
119,CBS,Mon Oct 30 22:41:43 +0000 2017,RT @SuperiorDonuts: Should we blindfold @jermaineFOWLER and see how well he can guess the flavor of donuts? #SuperiorDonuts,0.2732,0.11,0.89,0.0,20
120,CBS,Mon Oct 30 20:00:52 +0000 2017,RT @swatcbs: Sometimes following the rules &amp; doing what's right isn't always the same thing. #SWAT premieres this Thursday at 10/9c on @CBS…,0.0,0.0,1.0,0.0,21
121,CBS,Mon Oct 30 20:00:46 +0000 2017,RT @swatcbs: Start breaking down some doors in three days with the series premiere of #SWAT. https://t.co/X8OTd8OE9y,0.0,0.0,1.0,0.0,22
122,CBS,Mon Oct 30 19:05:46 +0000 2017,Find out if Vincent &amp; Victoria will escape Meriwether on Michael Jackson's Halloween! Watch it now:… https://t.co/dqNk6OZ1XJ,0.2481,0.111,0.889,0.0,23
123,CBS,Mon Oct 30 16:32:38 +0000 2017,"RT @NoActivityCBS: #NoActivity is a new CBS All Access comedy from? ?Will Ferrell, Adam McKay &amp; @funnyordie. Contains explicit language int…",0.3612,0.116,0.884,0.0,24
124,CBS,Mon Oct 30 16:08:57 +0000 2017,"Don't miss @KelseaBallerini headline #TheThanksgivingDayParade on CBS, live from New York City on Thurs, Nov. 23.… https://t.co/ig74zfxFPy",0.1139,0.083,0.917,0.0,25
125,CBS,Mon Oct 30 01:11:11 +0000 2017,RT @startrekcbs: Get ready to experience some major déjà vu. Episode 7 of #StarTrekDiscovery is now streaming: https://t.co/dz1lwvT52d http…,0.3612,0.128,0.872,0.0,26
126,CBS,Sun Oct 29 23:38:17 +0000 2017,"#CBS is delayed 29 minutes in New York City, Philly, NOLA &amp; parts of Louisiana, Atlanta, Charlotte, Tampa, Chicago,… https://t.co/ZM9bTTgxYE",-0.2263,0.0,0.909,0.091,27
127,CBS,Sun Oct 29 14:00:07 +0000 2017,These moves are dangerous! Get groovy with Michael Jackson's Halloween and watch the full special now:… https://t.co/TrMJgeyOX4,-0.1759,0.128,0.711,0.161,28
128,CBS,Sun Oct 29 12:54:33 +0000 2017,Get ready for football! Stream NFL on CBS today w/ #CBSAllAccess (not available on mobile phones). Try 1 week FREE!… https://t.co/URKV4PPKvp,0.4738,0.14,0.86,0.0,29
129,CBS,Sat Oct 28 16:29:44 +0000 2017,Vincent can't help but dream big on Michael Jackson's Halloween. Catch up on the full animated special:… https://t.co/fDbgzo8nrV,-0.4096,0.0,0.811,0.189,30
130,CBS,Sat Oct 28 14:36:39 +0000 2017,Stream the #3 Georgia Bulldogs @ Florida Gators LIVE today at 3:30PM ET! Try #CBSAllAccess FREE:… https://t.co/ULrmutB6Ml,0.0,0.0,1.0,0.0,31
131,CBS,Sat Oct 28 04:48:22 +0000 2017,"Michael Jackson's Halloween will enchant you with music, magic &amp; more! Watch the full special now:… https://t.co/lgzleI955w",0.4574,0.158,0.842,0.0,32
132,CBS,Sat Oct 28 00:58:16 +0000 2017,The Halloween fun isn’t over for @lucastill and George Eads. Tune in to a spooky episode of #MacGyver now! https://t.co/nJePYNhmUa,0.5562,0.166,0.834,0.0,33
133,CBS,Sat Oct 28 00:53:51 +0000 2017,“Music must be the answer!” #MJHalloween https://t.co/t4UTfizfIn,0.0,0.0,1.0,0.0,34
134,CBS,Sat Oct 28 00:35:11 +0000 2017,There are plenty of tricks hidden in this hotel. #MJHalloween https://t.co/vQAHVXU4Ai,-0.128,0.0,0.87,0.13,35
135,CBS,Sat Oct 28 00:17:16 +0000 2017,That pumpkin’s got some moves! #MJHalloween https://t.co/o7oaRSXzmb,0.0,0.0,1.0,0.0,36
136,CBS,Sat Oct 28 00:00:37 +0000 2017,"Sit back, relax and get ready to dance. Michael Jackson’s Halloween starts now on CBS and CBS All Access!… https://t.co/NkswtPMtzp",0.69,0.24,0.76,0.0,37
137,CBS,Fri Oct 27 21:00:06 +0000 2017,Don't miss tonight's animated special with the King of Pop's most memorable hits.?  Watch #MJHalloween @ 8/7c on CB… https://t.co/NQGZobg2gg,0.4843,0.196,0.804,0.0,38
138,CBS,Fri Oct 27 19:00:04 +0000 2017,"Tonight, get ready for a scary good time! Watch a sneak peek from the new animated special, Michael Jackson's Hallo… https://t.co/PxILZmCl4e",0.636,0.316,0.564,0.12,39
139,CBS,Fri Oct 27 18:57:41 +0000 2017,"RT @swatcbs: When lives hang in the balance, can you make the tough decisions? Find out with #SWAT Split-Second Decision: https://t.co/dO2V…",-0.128,0.0,0.93,0.07,40
140,CBS,Fri Oct 27 16:00:07 +0000 2017,"Find out if Vincent, played by @lucastill, will escape the villain Conformity in Michael Jackson's Halloween tonigh… https://t.co/KPaug90mCg",-0.128,0.181,0.661,0.159,41
141,CBS,Fri Oct 27 12:15:03 +0000 2017,It's a spooktacular special you won't want to miss! Here's how you can watch Michael Jackson's Halloween tonight:… https://t.co/3sp68DgUr3,0.4963,0.215,0.726,0.059,42
142,CBS,Thu Oct 26 21:47:24 +0000 2017,"Tomorrow, the music of Michael Jackson will cast its spell! Take a sneak peek at Michael Jackson's Halloween, Frida… https://t.co/ewuRYHSICA",0.0,0.0,1.0,0.0,43
143,CBS,Thu Oct 26 21:44:54 +0000 2017,"Get ready for Thursdays to give you more @bigbangtheory, @YoungSheldon, @LifeInPiecesCBS, @MomCBS, &amp; more Moore in… https://t.co/sdqF0Ut5Fx",0.3612,0.135,0.865,0.0,44
144,CBS,Thu Oct 26 20:54:18 +0000 2017,Stream the Miami Dolphins @ Baltimore Ravens LIVE tonight at 8:25PM ET! Try #CBSAllAccess FREE:… https://t.co/Otdn3QkHbG,0.0,0.0,1.0,0.0,45
145,CBS,Thu Oct 26 18:19:42 +0000 2017,"Tomorrow, meet Christine Baranski as Ms. Grau in the new animated special, Michael Jackson's Halloween. Tune in Fri… https://t.co/jmnidjSm6r",0.4019,0.13,0.87,0.0,46
146,CBS,Thu Oct 26 16:00:05 +0000 2017,"?@BigBangTheory's Jim Parsons is thrilled to celebrate ""the soundtrack to his life"" with Michael Jackson's Hallowee… https://t.co/0Lgxyqnpxq",0.765,0.306,0.694,0.0,47
147,CBS,Wed Oct 25 20:03:30 +0000 2017,".@MacgyverCBS' George Eads stars in the new animated special, Michael Jackson's Halloween, this Friday at 8/7c on C… https://t.co/xo6JsH3bZB",0.4019,0.13,0.87,0.0,48
148,CBS,Wed Oct 25 16:23:39 +0000 2017,The stakes were high when #Bull stepped in to help his college roommate. Watch the latest episode now:… https://t.co/7dAjcF4eL4,0.4019,0.13,0.87,0.0,49
149,CBS,Wed Oct 25 16:00:04 +0000 2017,"Brad Garrett, @KierseyClemons, Jim Parsons &amp; more! Meet the famous voices behind Michael Jackson's Halloween:… https://t.co/LKYCZpkBJz",0.0,0.0,1.0,0.0,50
150,CBS,Tue Oct 24 21:00:03 +0000 2017,"In three days, @TheGoodWife_CBS' @AlanCumming stars as Meriwether in the animated special Michael Jackson's Hallowe… https://t.co/WKiPdQ6Peq",0.4019,0.153,0.847,0.0,51
151,CBS,Tue Oct 24 19:02:04 +0000 2017,"Dance the night away this Friday with the new animated special, Michael Jackson's Halloween at 8/7c on CBS.… https://t.co/VsaIxJv7Jl",0.4019,0.13,0.87,0.0,52
152,CBS,Tue Oct 24 17:59:33 +0000 2017,"This Friday, @MacgyverCBS' @LucasTill plays Vincent in the animated special Michael Jackson's Halloween. Don't miss… https://t.co/Dg6w6yWevA",0.5719,0.251,0.749,0.0,53
153,CBS,Tue Oct 24 15:15:04 +0000 2017,RT @swatcbs: Buckle up for a S.W.A.T. mission in this 360-degree preview: https://t.co/kBadrj4rLE #SWAT https://t.co/gpXmoUgurf,0.0,0.0,1.0,0.0,54
154,CBS,Mon Oct 23 21:54:41 +0000 2017,Tonight the @latelateshow welcomes back @zanelowe and the latest @AppleMusic #UpNext artist -- @SabrinaClaudio! https://t.co/BSmDOayUXf,0.4574,0.176,0.824,0.0,55
155,CBS,Mon Oct 23 18:43:27 +0000 2017,".@Elementary_CBS' @LucyLiu stars as Conformity, the villain who forbids dancing, on this Friday's Michael Jackson's… https://t.co/Lf6Y4Z0bcQ",-0.7096,0.0,0.704,0.296,56
156,CBS,Sun Oct 22 23:54:28 +0000 2017,"For States of NY, parts of VT &amp; Maine  New Start Times: #60Minutes 7:36pmET #WisdomOfTheCrowd 8:36ET #NCISLA 9:36ET… https://t.co/WxzNdfzR6n",0.0,0.0,1.0,0.0,57
157,CBS,Sun Oct 22 23:54:04 +0000 2017,For most of East/Midwest New Start Times: #60Minutes 7:34pmET/6:34CT #WisdomOfTheCrowd 8:34ET/7:34CT #NCISLA 9:34ET… https://t.co/EJKaVsJZ2K,0.0,0.0,1.0,0.0,58
158,CBS,Sun Oct 22 14:11:22 +0000 2017,Get ready for football! Stream NFL on CBS today w/ #CBSAllAccess (not available on mobile phones). Try 1 week FREE:… https://t.co/Cu6sKlgjT6,0.4199,0.128,0.872,0.0,59
159,CBS,Fri Oct 20 22:06:25 +0000 2017,Only 1 week left until you can meet @bigbangtheory's Jim Parsons as Hay Man on the new animated special Michael Jac… https://t.co/rGPlUegVjC,0.4019,0.119,0.881,0.0,60
160,CBS,Fri Oct 20 18:29:58 +0000 2017,RT @swatcbs: Keep your phone locked and loaded with these #SWAT wallpapers: https://t.co/ff0efC5GPJ https://t.co/aRoB9005ur,0.0,0.0,1.0,0.0,61
161,CBS,Fri Oct 20 17:07:58 +0000 2017,RT @startrekcbs: The writers of #StarTrekDiscovery picked their favorite classic #StarTrek episodes: https://t.co/mM8V07fFdX What's your fa…,0.4588,0.167,0.833,0.0,62
162,CBS,Thu Oct 19 23:43:00 +0000 2017,"Stream pilots of the new CBS shows for free on @Apple TV, @RokuPlayer &amp; @amazonfiretv! Find out more:… https://t.co/zT0z4YMRw4",0.5562,0.166,0.834,0.0,63
163,CBS,Thu Oct 19 21:26:59 +0000 2017,Stream the Kansas City Chiefs @ Oakland Raiders LIVE tonight at 8:25PM ET (Not available on mobile phones):… https://t.co/IxnmfZxjFi,0.0,0.0,1.0,0.0,64
164,CBS,Thu Oct 19 20:57:53 +0000 2017,"RT @ScorpionCBS: No one should be bullied or called names simply for being who they are. Today, #TeamScorpion is going purple in honor of #…",-0.4767,0.102,0.698,0.2,65
165,CBS,Thu Oct 19 19:50:57 +0000 2017,"Get ready to go on an unexpected, magical adventure in the animated special Michael Jackson's Halloween on Friday,… https://t.co/CQxmLmDvTy",0.7579,0.319,0.681,0.0,66
166,CBS,Thu Oct 19 18:59:01 +0000 2017,An advantage changed the course of last night's tribal council. Watch the latest episode of #Survivor now:… https://t.co/zNBz4t39i6,0.25,0.105,0.895,0.0,67
167,CBS,Thu Oct 19 18:26:42 +0000 2017,RT @swatcbs: #SWAT is proud to wear purple &amp; stand together against bullying on #SpiritDay! https://t.co/ch5h6DHLLE,-0.2714,0.146,0.658,0.197,68
168,CBS,Thu Oct 19 18:20:01 +0000 2017,RT @LifeInPiecesCBS: Laughter is coming your way! #LifeInPieces returns in TWO WEEKS! https://t.co/kvHTQA3Vlk,0.5837,0.24,0.76,0.0,69
169,CBS,Thu Oct 19 18:19:51 +0000 2017,RT @MomCBS: Do a little dance... #Mom returns in TWO WEEKS! https://t.co/qshl2F8ChX,0.0,0.0,1.0,0.0,70
170,CBS,Thu Oct 19 17:33:18 +0000 2017,.@MacgyverCBS's George Eads shares why you'll be moved by the ending of the new special Michael Jackson's Halloween… https://t.co/MDpRaWKGUI,0.5994,0.224,0.776,0.0,71
171,CBS,Thu Oct 19 17:31:23 +0000 2017,"RT @walliscw: Today is @glaad #SpiritDay, a day reminding us that EVERY day is a good day to speak out against LGBTQ bullying. @MadamSecret…",-0.25,0.108,0.746,0.146,72
172,CBS,Thu Oct 19 17:31:09 +0000 2017,RT @marythechief: Thnx 2 my beautiful friend &amp; advocate @wcruz73 I just took @glaad ‘s #SpiritDay pledge against bullying! Join me at https…,0.69,0.315,0.558,0.128,73
173,CBS,Thu Oct 19 17:31:07 +0000 2017,RT @wcruz73: It’s #SpiritDay! Show your support for LGBTQ youth today by standing against bullying. @glaad @glsenofficial ???????? https://…,-0.3595,0.113,0.712,0.175,74
174,CBS,Thu Oct 19 14:36:38 +0000 2017,RT @MomCBS: No one should be bullied or called names simply for being who they are. #SpiritDay #Mom https://t.co/3xuyKIXpPS,-0.743,0.0,0.73,0.27,75
175,CBS,Thu Oct 19 14:35:32 +0000 2017,RT @CodeBlackCBS: No one should be bullied or called names simply for being who they are. #SpiritDay #CodeBlack https://t.co/JuAQvXFaVa,-0.743,0.0,0.73,0.27,76
176,CBS,Thu Oct 19 14:35:16 +0000 2017,RT @PriceIsRight: No one should be bullied or called names simply for who they are. #SpiritDay https://t.co/P1X3VUveOL,-0.743,0.0,0.704,0.296,77
177,CBS,Thu Oct 19 14:33:12 +0000 2017,"RT @9JKLCBS: No one should be bullied or called names simply for being who they are. Today, the cast of #9JKL is wearing purple for #Spirit…",-0.743,0.0,0.792,0.208,78
178,CBS,Thu Oct 19 00:17:00 +0000 2017,RT @SalvationCBS: #Salvation is renewed for Season 2! Congrats to the cast and crew. More thrills coming Summer 2018. ??#SalvationCBS https…,0.7569,0.254,0.746,0.0,79
179,CBS,Wed Oct 18 20:56:39 +0000 2017,"RT @SuperiorDonuts: What's life without a few sprinkles and a lot of love? ? #SuperiorDonuts Season 2 premieres on Mon, Oct 30 at 9:30/8:30…",0.6369,0.181,0.819,0.0,80
180,CBS,Wed Oct 18 20:55:01 +0000 2017,Check out some of the hottest hook ups in #Survivor history before tonight's all-new episode:… https://t.co/qpM4bcJZj1,0.0,0.0,1.0,0.0,81
181,CBS,Wed Oct 18 16:12:32 +0000 2017,RT @ManWithAPlan: The cast of #ManWithAPlan is on set and gearing up for Season 2! See what they've been up to: https://t.co/j6J2tUCIlj htt…,0.0,0.0,1.0,0.0,82
182,CBS,Tue Oct 17 21:50:42 +0000 2017,It was a wedding to remember on last night's #KevinCanWait. Catch up now: https://t.co/gbLTSN8UEa https://t.co/Ex0bFLgXGT,0.0,0.0,1.0,0.0,83
183,CBS,Tue Oct 17 18:14:21 +0000 2017,RT @CrimMinds_CBS: 17 quotes that made us fall in love with Dr. Spencer Reid: https://t.co/HveiMl7u3T #CriminalMinds #Throwback https://t.c…,0.6369,0.198,0.802,0.0,84
184,CBS,Mon Oct 16 21:46:48 +0000 2017,RT @bigbangtheory: Let the bonding begin! Don't miss a new #BigBangTheory tonight at 8/7c on CBS and CBS All Access: https://t.co/w2qdwJRrq…,0.1867,0.084,0.916,0.0,85
185,CBS,Mon Oct 16 15:39:01 +0000 2017,Deeks and Kensi talk about their desire to have kids on the latest #NCISLA. Catch up now: https://t.co/sY7OJD11rX https://t.co/Bhy2V5p1za,0.4019,0.13,0.87,0.0,86
186,CBS,Mon Oct 16 00:33:40 +0000 2017,RT @startrekcbs: Choose your pain. Episode 5 of #StarTrekDiscovery is now streaming on CBS All Access: https://t.co/1pZIWRqZ3n https://t.co…,-0.5106,0.0,0.829,0.171,87
187,CBS,Sun Oct 15 13:26:47 +0000 2017,Get ready for football! Stream NFL on CBS today w/ #CBSAllAccess. Try 1 week FREE: https://t.co/2KiDxyfBfU (Not ava… https://t.co/6o85UJvyLf,0.7798,0.299,0.701,0.0,88
188,CBS,Sat Oct 14 13:56:58 +0000 2017,Stream the #10 Auburn Tigers @ LSU Tigers LIVE today at 3:30PM ET! Try #CBSAllAccess FREE: https://t.co/FKBoknACdr https://t.co/gM5DQCN2GL,0.6514,0.213,0.787,0.0,89
189,CBS,Sat Oct 14 00:26:38 +0000 2017,RT @NCIS_CBS: Spend your weekend with the #NCIS team. Stream the latest full episode: https://t.co/fQ3ymaBKP8 https://t.co/LJTmTOhUvB,0.0,0.0,1.0,0.0,90
190,CBS,Thu Oct 12 23:48:27 +0000 2017,RT @SEALTeamCBS: Congrats to the cast &amp; crew of #SEALTeam for receiving a full season order! ? Wheels up! https://t.co/iYemHdb6Dh ?? https:…,0.6103,0.173,0.827,0.0,91
191,CBS,Thu Oct 12 20:55:05 +0000 2017,RT @NCISLA: Have you seen the latest #NCISLA? Stream it now: https://t.co/nsjhRcwy84 https://t.co/FMQ4UqLgdm,0.0,0.0,1.0,0.0,92
192,CBS,Thu Oct 12 18:03:41 +0000 2017,Stream the Philadelphia Eagles @ Carolina Panthers LIVE tonight at 8:25PM ET! Try #CBSAllAccess FREE:… https://t.co/vIaCChwfCv,0.0,0.0,1.0,0.0,93
193,CBS,Thu Oct 12 15:08:16 +0000 2017,"Broadway's Biggest Night returns to CBS! The 72nd Annual Tony® Awards will air live on June 10, 2018:… https://t.co/9xNYSzea6a",0.5093,0.155,0.845,0.0,94
194,CBS,Wed Oct 11 21:13:49 +0000 2017,RT @survivorcbs: Tonight's #Survivor will leave you speechless. Don't miss an all-new episode tonight @ 8/7c on CBS &amp; CBS All Access: https…,0.0629,0.064,0.883,0.053,95
195,CBS,Tue Oct 10 18:22:42 +0000 2017,Josh was on a mission to have his first one-night stand on the latest episode of #9JKL. Catch up now:… https://t.co/ugKUMJRjbz,0.0,0.0,1.0,0.0,96
196,CBS,Tue Oct 10 13:47:55 +0000 2017,"Celebrate 59 years of music memories at 'GRAMMYS® Greatest Stories: A 60th Anniversary Special' Fri, Nov. 24 on CBS… https://t.co/3oYzJq9UH0",0.891,0.398,0.602,0.0,97
197,CBS,Tue Oct 10 00:35:23 +0000 2017,RT @9JKLCBS: The cast is ready! Join them as they live tweet tonight’s all-new episode. https://t.co/Gu3Whd4Zwz,0.6114,0.263,0.737,0.0,98
198,CBS,Mon Oct 09 21:54:20 +0000 2017,"RT @MadamSecretary: Elizabeth is caught in the middle of a ""fake news"" story on the season premiere of #MadamSecretary. Stream it now: http…",-0.4767,0.0,0.871,0.129,99
199,CBS,Mon Oct 09 00:34:36 +0000 2017,RT @startrekcbs: Prepare to jump. Episode 4 of #StarTrekDiscovery is now streaming on CBS All Access: https://t.co/4H3FcqrGAi https://t.co/…,0.0,0.0,1.0,0.0,100
200,CNN,Sun Nov 05 20:39:23 +0000 2017,Texas Gov. Greg Abbot releases a statement on the shooting at First Baptist Church in Sutherland Springs… https://t.co/TiwNGu2Pht,0.0,0.0,1.0,0.0,1
201,CNN,Sun Nov 05 20:32:26 +0000 2017,"Sutherland Springs business owner on church shooting: ""It's just awful...there were emergency responders everywhere"" https://t.co/TYcC5jCX9m",-0.3818,0.0,0.843,0.157,2
202,CNN,Sun Nov 05 20:31:34 +0000 2017,ISIS claims responsibility for a suicide attack in Yemen https://t.co/9ScXiQp7Sl https://t.co/cmAG9lNdTJ,-0.8225,0.0,0.513,0.487,3
203,CNN,Sun Nov 05 20:28:24 +0000 2017,"Sutherland Springs resident on church shooting: ""It's just awful...there were emergency responders everywhere"" https://t.co/TYcC5jCX9m",-0.3818,0.0,0.833,0.167,4
204,CNN,Sun Nov 05 20:15:57 +0000 2017,"Law enforcement have reported multiple victims at a Texas church, but have not said how many https://t.co/PGxqFieLyc https://t.co/pLNO4vE3sT",-0.1655,0.0,0.907,0.093,5
205,CNN,Sun Nov 05 20:13:59 +0000 2017,"President Trump tweets support for people of Sutherland Springs, Texas, after church shooting… https://t.co/muJFcRBDWB",0.4019,0.172,0.828,0.0,6
206,CNN,Sun Nov 05 20:10:10 +0000 2017,"One suspect dead after reported shooting in Sutherland Springs, Texas, says Guadalupe Co. Sheriff's Office official… https://t.co/s8KvNZh8t6",-0.7579,0.0,0.698,0.302,7
207,CNN,Sun Nov 05 20:03:04 +0000 2017,"Local gas station owner tells @KayleeHartung that shots fired at Texas church ""sounded like a semiautomatic weapon"" https://t.co/D0EChgJtJm",-0.5106,0.112,0.628,0.26,8
208,CNN,Sun Nov 05 20:02:45 +0000 2017,Catalan ex-President turns himself in to Belgian authorities https://t.co/vGBLL2A481 https://t.co/ghTN0dIGJw,0.0,0.0,1.0,0.0,9
209,CNN,Sun Nov 05 19:58:37 +0000 2017,"House Minority Leader Nancy Pelosi: Must ""exhaust"" diplomatic options on North Korea
https://t.co/LNsBvUknTQ https://t.co/gKzSAd35cb",0.0,0.0,1.0,0.0,10
210,CNN,Sun Nov 05 19:51:13 +0000 2017,"We're live in Sutherland Springs, Texas, over the scene of a reported shooting https://t.co/49AyTQsslP… https://t.co/w8qiqXkRUA",0.0,0.0,1.0,0.0,11
211,CNN,Sun Nov 05 19:50:56 +0000 2017,Trump and Putin are set to meet and discuss North Korea https://t.co/h72BD4cUjd https://t.co/7yqxZK8vit,0.0,0.0,1.0,0.0,12
212,CNN,Sun Nov 05 19:43:18 +0000 2017,A witness at a gas station across from a Texas church said she heard 20 shots fired while a service was underway… https://t.co/vGZKfABodU,-0.5574,0.0,0.833,0.167,13
213,CNN,Sun Nov 05 19:43:12 +0000 2017,"""Thor: Ragnarok"" is the 17th straight number one opening for Marvel https://t.co/IZ3SPgUSnW https://t.co/XpkmIiQRXW",0.6124,0.375,0.625,0.0,14
214,CNN,Sun Nov 05 19:39:11 +0000 2017,"County Sheriff says Sutherland Springs church gunman is dead, reports CNN's @kayleehartung https://t.co/ekxguNHIsH https://t.co/ZtfHBLc4PQ",-0.6486,0.0,0.751,0.249,15
215,CNN,Sun Nov 05 19:38:18 +0000 2017,"BREAKING: The FBI is responding to the scene of a shooting outside San Antonio, Texas
https://t.co/ekxguNHIsH https://t.co/vRV1GzHgVx",0.0,0.0,1.0,0.0,16
216,CNN,Sun Nov 05 19:35:39 +0000 2017,"Gonorrhea rates in Australia are up 63% in 5 years, data shows https://t.co/dsVnWfRKFk https://t.co/UtRgz5r04t",0.0,0.0,1.0,0.0,17
217,CNN,Sun Nov 05 19:23:58 +0000 2017,Billionaire Prince Alwaleed arrested in Saudi anti-corruption drive https://t.co/U6aJ7NPR7O https://t.co/pimIM00oeh,-0.4767,0.0,0.744,0.256,18
218,CNN,Sun Nov 05 19:12:21 +0000 2017,"Shalane Flanagan wins NYC Marathon, becoming the first U.S. Women's champion in 40 years https://t.co/UivrO1JMUB https://t.co/i8yuNM6oY1",0.8225,0.352,0.648,0.0,19
219,CNN,Sun Nov 05 19:10:52 +0000 2017,"JUST IN: Witness says as many as 20 shots fired at a church in Sutherland Springs, Texas https://t.co/ZC919cZoUC",-0.5574,0.0,0.816,0.184,20
220,CNN,Sun Nov 05 18:37:23 +0000 2017,"Sen. Dianne Feinstein urges diplomacy with North Korea: ""The worst alternative is a war which could become nuclear"" https://t.co/9YPIXKioLn",-0.8402,0.0,0.667,0.333,21
221,CNN,Sun Nov 05 17:34:08 +0000 2017,"NYC marathon runners stay the course, despite last week's terror attack https://t.co/ORk5ykaZuV https://t.co/X6oYrUqJuX",-0.0834,0.164,0.652,0.184,22
222,CNN,Sun Nov 05 17:18:48 +0000 2017,A University of Miami art professor created Ku Klux Klan-style hoods out of American flags for a faculty art exhibi… https://t.co/jk5cNiIFSu,0.25,0.1,0.9,0.0,23
223,CNN,Sun Nov 05 17:12:51 +0000 2017,"Double beds, swivel chairs. Here's a look at Singapore Airlines' new luxury suites https://t.co/JIvOIYU7zW https://t.co/MaRqdXRkEd",0.0,0.0,1.0,0.0,24
224,CNN,Sun Nov 05 17:07:23 +0000 2017,The most spectacular abandoned castles around the world https://t.co/DC14SubQJa via @cnntravel https://t.co/ExuBF2XKe8,-0.507,0.0,0.77,0.23,25
225,CNN,Sun Nov 05 17:02:28 +0000 2017,"H.W. Bush on Trump: “He’s a blowhard”

George W. Bush on Trump “This guy doesn’t know what it means to be president… https://t.co/yp212uRBxT",0.0,0.0,1.0,0.0,26
226,CNN,Sun Nov 05 16:53:31 +0000 2017,"AirlineRatings names ""most excellent"" airlines for 2018. For the 5th consecutive year, this carrier came out on top… https://t.co/coKs8J7Ciq",0.6115,0.182,0.818,0.0,27
227,CNN,Sun Nov 05 16:50:57 +0000 2017,"""Women are coming forward...telling the hardest stories of a lifetime,"" says @RonanFarrow, who wrote Weinstein story https://t.co/V6VhiZMg0R",0.0,0.0,1.0,0.0,28
228,CNN,Sun Nov 05 16:30:56 +0000 2017,".@brianstelter to Kellyanne Conway: ""Viewers see your pivoting...when I say Russia, you say Clinton"" https://t.co/lc5IdbzAP9",0.0,0.0,1.0,0.0,29
229,CNN,Sun Nov 05 16:28:45 +0000 2017,".@brianstelter to Kellyanne Conway: ""We're not anti-Trump, Kellyanne. We're pro-truth."" https://t.co/V6VhiZMg0R",0.0,0.0,1.0,0.0,30
230,CNN,Sun Nov 05 15:56:54 +0000 2017,Alec Baldwin's President Trump shared a shower with Paul Manafort on @nbcsnl last night https://t.co/uHcj6PRTqU https://t.co/TXxi7U9br2,0.34,0.146,0.854,0.0,31
231,CNN,Sun Nov 05 15:44:19 +0000 2017,What are your thoughts on polygamy? @lisaling meets open-minded couples looking for modern love on @CNNOriginals'… https://t.co/ovsONmqTzY,0.6369,0.208,0.792,0.0,32
232,CNN,Sun Nov 05 15:43:25 +0000 2017,Saudi Arabia's newly formed anti-corruption committee has arrested at least 17 princes and top officials… https://t.co/OiiGRRGEY4,-0.3182,0.095,0.741,0.164,33
233,CNN,Sun Nov 05 15:41:28 +0000 2017,"RT @CNNPolitics: Pelosi expresses disdain at the timetable for the GOP tax plan: ""They're trying to move this in a matter of days"" https://…",-0.4588,0.044,0.833,0.123,34
234,CNN,Sun Nov 05 15:09:32 +0000 2017,".@FareedZakaria: NY attack ""an isolated incident by one troubled man that shouldn't lead to grand generalizations"" https://t.co/4IR6y7eVL9",-0.8714,0.0,0.544,0.456,35
235,CNN,Sun Nov 05 14:50:00 +0000 2017,"Sen. Dianne Feinstein urges diplomacy with North Korea: ""The worst alternative is a war which could become nuclear"" https://t.co/SehU6c2UZq",-0.8402,0.0,0.667,0.333,36
236,CNN,Sun Nov 05 14:34:48 +0000 2017,"Feinstein on Sessions: ""When he comes before the committee again, he has to be precise and it has to be accurate"" https://t.co/kFiWDRA83w",0.0,0.0,1.0,0.0,37
237,CNN,Sun Nov 05 14:34:01 +0000 2017,"Rep. Pelosi on tackling alleged sexual harassment in Congress: I'm ""hopeful that we can do something very strong"" https://t.co/p01ORHA3sY",0.5256,0.261,0.606,0.133,38
238,CNN,Sun Nov 05 14:32:17 +0000 2017,"Sen. Feinstein on AG Sessions' testimony about Russia: ""I think he should come back and clarify it"" #CNNSOTU https://t.co/gPiao3H9P1",0.0,0.0,1.0,0.0,39
239,CNN,Sun Nov 05 14:23:55 +0000 2017,"Rep. Nancy Pelosi: Impeaching President Trump ""is not someplace that I think we should go"" #CNNSOTU https://t.co/3z5LYxTN5S",0.0,0.0,1.0,0.0,40
240,CNN,Sun Nov 05 14:20:01 +0000 2017,"Pelosi on Brazile's allegations about Clinton and the DNC: ""I would hope that there's another side to the story"" https://t.co/QXp6xVCo9R",0.4404,0.132,0.868,0.0,41
241,CNN,Sun Nov 05 14:18:17 +0000 2017,"House Minority Leader Nancy Pelosi on the GOP tax plan: ""This is really a gift to corporate America"" #CNNSOTU https://t.co/MNygm9qM0v",0.4927,0.151,0.849,0.0,42
242,CNN,Sun Nov 05 14:13:02 +0000 2017,House Minority Leader Nancy Pelosi: Revision of the tax code should be done in a bipartisan way #CNNSOTU https://t.co/vw8PFnGTme,0.0,0.0,1.0,0.0,43
243,CNN,Sun Nov 05 14:09:18 +0000 2017,"House Minority Leader Pelosi: ""I hope the President goes into the meeting (with Putin) really informed"" https://t.co/JNBqP07Pd0 #CNNSOTU",0.4404,0.146,0.854,0.0,44
244,CNN,Sun Nov 05 14:06:33 +0000 2017,"Rep. Nancy Pelosi on North Korea: ""We're poking a stick in the eye of a mad dog with some of what we're saying"" https://t.co/hgvJ4yyxVL",-0.4939,0.0,0.868,0.132,45
245,CNN,Sun Nov 05 14:01:04 +0000 2017,The company that owns Corona is getting into the pot business https://t.co/HHg98jBXK7 https://t.co/eHvBjnDBic,0.0,0.0,1.0,0.0,46
246,CNN,Sun Nov 05 13:57:17 +0000 2017,"Japanese Prime Minister Shinzo Abe gave President Trump a customized hat that read, ""Make alliance even greater.""… https://t.co/P73f5BrTjj",0.0,0.0,1.0,0.0,47
247,CNN,Sun Nov 05 13:46:44 +0000 2017,"President Trump is in Japan, where he and Prime Minister Shinzo Abe are expected to talk about North Korea… https://t.co/LpmBAJUCuD",0.0,0.0,1.0,0.0,48
248,CNN,Sun Nov 05 13:31:03 +0000 2017,"AirlineRatings names ""most excellent"" airlines for 2018. For the 5th consecutive year, this carrier came out on top… https://t.co/dJ16PRMPly",0.6115,0.182,0.818,0.0,49
249,CNN,Sun Nov 05 13:01:07 +0000 2017,"Long-term spaceflight ""squeezes"" the brain, study says https://t.co/c3D86kU0sa https://t.co/osRjvGip4G",0.0,0.0,1.0,0.0,50
250,CNN,Sun Nov 05 12:31:04 +0000 2017,The FDA is cracking down on claims that cannabis can cure cancer https://t.co/q1DeAGuPed https://t.co/UGTB8PNn6E,-0.6597,0.0,0.747,0.253,51
251,CNN,Sun Nov 05 12:01:05 +0000 2017,"Back in 1991, Anita Hill forever changed the way we talk about sexual harassment https://t.co/til31lOEld https://t.co/yD4UsGNqA2",-0.5423,0.0,0.811,0.189,52
252,CNN,Sun Nov 05 11:31:06 +0000 2017,"China will surpass the US as the world's largest air travel market in the next 5 years, according to IATA forecast… https://t.co/2Z3lWPEYcU",0.0,0.0,1.0,0.0,53
253,CNN,Sun Nov 05 11:01:05 +0000 2017,Court filings show Paul Manafort has three US passports. How many can you really own? Here's a closer look.… https://t.co/J8ZLwPWG4b,0.0,0.0,1.0,0.0,54
254,CNN,Sun Nov 05 10:31:01 +0000 2017,"Taxes on cannabis could reach as high as 45% in parts of California, according to a report https://t.co/I7YHhQVyQB",0.0258,0.064,0.936,0.0,55
255,CNN,Sun Nov 05 10:01:04 +0000 2017,5 changes to Obamacare open enrollment for 2018 https://t.co/4YYAEeV7AY https://t.co/5EZ40NagUq,0.0,0.0,1.0,0.0,56
256,CNN,Sun Nov 05 09:31:05 +0000 2017,"Syria was responsible for the sarin gas attack that killed more than 80 people earlier this year, a UN report finds… https://t.co/iNixmHKv3w",-0.743,0.082,0.645,0.272,57
257,CNN,Sun Nov 05 09:01:04 +0000 2017,"Tropical storms and swelling sea levels could flood NYC every five years between 2030 and 2045, a new study says… https://t.co/VgifeWmK27",0.0,0.0,1.0,0.0,58
258,CNN,Sun Nov 05 08:31:09 +0000 2017,The forgotten mothers and babies of Zika https://t.co/eMAtQMP2ch https://t.co/VvL589j04L,-0.2263,0.0,0.808,0.192,59
259,CNN,Sun Nov 05 08:01:04 +0000 2017,"Death rates for heart disease, cancer and HIV are down in the US, but overdose death rate has risen, CDC says… https://t.co/theP2foXK8",-0.8885,0.0,0.644,0.356,60
260,CNN,Sun Nov 05 07:31:06 +0000 2017,Three surprising ways the Protestant Reformation shaped our world https://t.co/E1PkTWViEZ https://t.co/UqKvO48djs,0.2732,0.174,0.826,0.0,61
261,CNN,Sun Nov 05 07:01:05 +0000 2017,Who's who in the Trump-Russia saga https://t.co/dgSZLFL6VV https://t.co/28OKDbT1Zz,0.0,0.0,1.0,0.0,62
262,CNN,Sun Nov 05 06:31:09 +0000 2017,The most spectacular abandoned castles around the world https://t.co/OxU6bpIrYP via @cnntravel https://t.co/jcPzlKPu9e,-0.507,0.0,0.77,0.23,63
263,CNN,Sun Nov 05 06:01:05 +0000 2017,This Houston officer helped save hundreds of lives during Hurricane Harvey — while battling stage 4 colon cancer… https://t.co/jyuqfEouat,0.2732,0.158,0.739,0.103,64
264,CNN,Sun Nov 05 04:31:03 +0000 2017,A new report concludes that an environmentalist's murder was part of a criminal plot that was months in the making https://t.co/1Tzc6wuXwz,-0.8442,0.0,0.677,0.323,65
265,CNN,Sun Nov 05 04:01:07 +0000 2017,"Two Georgia teens, friends from childhood, died from lethal doses of fentanyl on the same day and half a mile apart… https://t.co/zbMZTOOZwP",-0.128,0.121,0.739,0.14,66
266,CNN,Sun Nov 05 03:31:06 +0000 2017,A soldier deployed before he could finish painting his house. So these students jumped in to finish the job.… https://t.co/ezsh2PSzYz,0.0,0.0,1.0,0.0,67
267,CNN,Sun Nov 05 03:01:09 +0000 2017,A new study links pesticide residues in fruits and vegetables with women's fertility issues https://t.co/watgjAiuLD https://t.co/2KTTgXZYjT,0.0,0.0,1.0,0.0,68
268,CNN,Sun Nov 05 02:48:27 +0000 2017,"Eleven princes arrested in Saudi Arabian anti-corruption sweep, Al-Arabiya reports. https://t.co/09rW8uGXwp",-0.4767,0.0,0.763,0.237,69
269,CNN,Sun Nov 05 02:47:23 +0000 2017,Couples are turning to a new kind of dating website to save their marriage. @lisaling learns what a “throuple” is a… https://t.co/VzaPKJQNh7,0.4939,0.144,0.856,0.0,70
270,CNN,Sun Nov 05 02:31:03 +0000 2017,This Sports Illustrated cover from 2014 predicted the Astros' World Series win https://t.co/MU4SlGqFDk https://t.co/AJHKOQ7Jhj,0.5859,0.226,0.774,0.0,71
271,CNN,Sun Nov 05 02:01:04 +0000 2017,US passports will identify convicted child sex offenders https://t.co/xELM7Jyspw https://t.co/2usMVZ3MEv,-0.3612,0.0,0.783,0.217,72
272,CNN,Sun Nov 05 01:31:05 +0000 2017,"Beyoncé will be a part of Disney's upcoming live-action version of ""The Lion King,"" playing the character of Nala… https://t.co/xTvf4GcxCT",0.2023,0.091,0.909,0.0,73
273,CNN,Sun Nov 05 01:22:49 +0000 2017,President Trump touched down in Japan late Saturday ahead of a 13-day trek through Asia https://t.co/4M1t2Jp1KB,0.0,0.0,1.0,0.0,74
274,CNN,Sun Nov 05 01:01:07 +0000 2017,"Double beds, swivel chairs. Here's a look at Singapore Airlines' new luxury suites https://t.co/0YjhV2c81O https://t.co/ulJKIq6Tus",0.0,0.0,1.0,0.0,75
275,CNN,Sun Nov 05 00:31:04 +0000 2017,"Gender inequality actually worsened around the world in 2017, according to a report from the World Economic Forum… https://t.co/4wU497WQcO",-0.4404,0.0,0.854,0.146,76
276,CNN,Sun Nov 05 00:02:33 +0000 2017,Drone footage shows the devastation caused by Hurricane Maria in Puerto Rico's El Yunque National Rainforest… https://t.co/h2f3ceauZQ,-0.4215,0.0,0.851,0.149,77
277,CNN,Sat Nov 04 23:31:04 +0000 2017,Scientists have found evidence of a roughly 100-foot-long space hidden within the walls of the Great Pyramid of Giz… https://t.co/p3daFqOt7X,0.6249,0.186,0.814,0.0,78
278,CNN,Sat Nov 04 23:01:06 +0000 2017,This photographer spent almost a decade taking photos of Japan's vending machines in the most remote locations… https://t.co/CgmY4oXKQD,0.0,0.0,1.0,0.0,79
279,CNN,Sat Nov 04 22:45:06 +0000 2017,"The Las Vegas shooter had money troubles prior to the attack, but his motive is still unclear, sheriff says… https://t.co/Ju8BhpZVfD",-0.5499,0.0,0.754,0.246,80
280,CNN,Sat Nov 04 22:30:13 +0000 2017,San Juan mayor says the hurricane death toll in Puerto Rico could be 10 times higher than reported… https://t.co/0kzf6kbkFj,-0.5994,0.0,0.822,0.178,81
281,CNN,Sat Nov 04 22:15:12 +0000 2017,A University of Miami art professor created Ku Klux Klan-style hoods out of American flags for a faculty art exhibi… https://t.co/HIpnBJPkzO,0.25,0.1,0.9,0.0,82
282,CNN,Sat Nov 04 21:55:08 +0000 2017,Former Trump foreign policy adviser Carter Page met with Russian Deputy PM Arkady Dvorkovich while in Moscow in 201… https://t.co/b6UUpzNj1N,0.0,0.0,1.0,0.0,83
283,CNN,Sat Nov 04 21:45:13 +0000 2017,"After terror attack, a resilient city rises up to support its runners | via @CNNopinion https://t.co/O5oGbSaZRH https://t.co/EWX8hDYNdr",-0.5859,0.127,0.566,0.307,84
284,CNN,Sat Nov 04 21:35:07 +0000 2017,Sprint and T-Mobile's have abandoned discussions about a potential merger https://t.co/80Nfe6njhZ https://t.co/B0Gzmkgpx3,-0.4588,0.0,0.769,0.231,85
285,CNN,Sat Nov 04 21:24:31 +0000 2017,Jeff Bezos just sold $1.1 billion worth of Amazon stock https://t.co/mPDNE2slyt https://t.co/hioycqq70j,0.3818,0.265,0.735,0.0,86
286,CNN,Sat Nov 04 21:08:50 +0000 2017,"The New York City terror suspect planned to return to Uzbekistan, his sister says https://t.co/1iPsUlpMc8 https://t.co/DXYMGfvI1y",-0.6808,0.0,0.714,0.286,87
287,CNN,Sat Nov 04 20:56:07 +0000 2017,This is what the GOP tax plan means for higher education https://t.co/UE8SZ1AXZY https://t.co/oy4eoVFbek,0.0,0.0,1.0,0.0,88
288,CNN,Sat Nov 04 20:44:13 +0000 2017,The tax bill unveiled by Republicans would eliminate a decades-old deduction for people with very high medical cost… https://t.co/3NCHAdB9Ha,0.0,0.0,1.0,0.0,89
289,CNN,Sat Nov 04 20:30:33 +0000 2017,"Republican Sen. Rand Paul was assaulted in his Kentucky home on Friday, police say https://t.co/edfnGbL3ds https://t.co/GFd3bZLfhJ",-0.5267,0.0,0.815,0.185,90
290,CNN,Sat Nov 04 20:14:09 +0000 2017,Report: Former interim DNC chair Donna Brazile considered replacing Clinton with Biden as Democratic nominee in 201… https://t.co/pCoEHajUdZ,0.0,0.0,1.0,0.0,91
291,CNN,Sat Nov 04 20:02:44 +0000 2017,President Trump to Saudi Arabia: Bring Aramco IPO to America https://t.co/8SxO7XkIKQ https://t.co/OGFcjMsCoO,0.0,0.0,1.0,0.0,92
292,CNN,Sat Nov 04 19:45:49 +0000 2017,It pays to be a scientist in the marijuana industry https://t.co/bQq2s2HlLH https://t.co/UvlhuqDGWO,0.0,0.0,1.0,0.0,93
293,CNN,Sat Nov 04 19:30:04 +0000 2017,"H.W. Bush on Trump: “He’s a blowhard”

George W. Bush on Trump “This guy doesn’t know what it means to be president… https://t.co/a71w05KvHi",0.0,0.0,1.0,0.0,94
294,CNN,Sat Nov 04 19:18:43 +0000 2017,Argentine men who survived the NYC terror attack call for love and justice as they mourn the loss of five friends… https://t.co/b967Z4Kk8R,0.0772,0.291,0.4,0.309,95
295,CNN,Sat Nov 04 19:08:36 +0000 2017,"""Dilbert"" creator says President Trump is so good at persuasion that ""he could get out of almost anything""… https://t.co/I3ZTrUGQXj",0.5777,0.172,0.828,0.0,96
296,CNN,Sat Nov 04 18:55:05 +0000 2017,Netflix cuts ties with actor Kevin Spacey amid a growing number of allegations of sexual harassment and assault… https://t.co/JzIjZYdOuz,-0.5719,0.132,0.617,0.251,97
297,CNN,Sat Nov 04 18:45:06 +0000 2017,"A ballistic missile has been intercepted over north-east Riyadh, Saudi Arabia's Min. of Defense said in a statement https://t.co/SEx2Bil656",0.128,0.086,0.914,0.0,98
298,CNN,Sat Nov 04 18:36:12 +0000 2017,State Department asks US citizens to leave Somali capital of Mogadishu https://t.co/v0XsYHtN78 https://t.co/YSaOPUNrBh,-0.0516,0.0,0.909,0.091,99
299,CNN,Sat Nov 04 18:20:13 +0000 2017,An undocumented special-needs girl who was in federal custody after an emergency surgery has been released… https://t.co/3CTe5wGZrc,-0.3818,0.0,0.86,0.14,100
300,Fox,Sun Nov 05 11:31:18 +0000 2017,"RT @aprilwensel: ""We only hire senior devs"" screams, ""We don't believe in a growth mindset.""",-0.5242,0.0,0.732,0.268,1
301,Fox,Sun Nov 05 05:49:08 +0000 2017,"Wow, Lightroom CC is such an improvement from previous editions, wonderfully easy to use ? https://t.co/TR7cDgaUUM",0.9274,0.553,0.447,0.0,2
302,Fox,Sun Nov 05 02:29:31 +0000 2017,"Ugly Christmas apparel with Australiana themes and proceeds going to the Cancer Council, what else would I want. https://t.co/iYTEENq1cl",-0.8126,0.054,0.625,0.321,3
303,Fox,Sun Nov 05 02:02:51 +0000 2017,@kaibrach Same. Also having such a great camera in my pocket at all times really convinces my inner photographer.,0.7264,0.276,0.724,0.0,4
304,Fox,Sun Nov 05 00:04:21 +0000 2017,Twitter furthers exclusion of anyone but straight white men with blocking content on bisexuality. https://t.co/20RWMlyrQJ,-0.3919,0.121,0.62,0.258,5
305,Fox,Sat Nov 04 23:44:07 +0000 2017,Anger management goals: Uma Thurman. https://t.co/GewteyOqt2,-0.5719,0.0,0.575,0.425,6
306,Fox,Sat Nov 04 21:32:24 +0000 2017,RT @zeigenvector: @digitalocean If you know of any cool companies in NYC (maybe remote?) looking to hire an engineer who &lt;3's JavaScript &amp;…,0.3182,0.095,0.905,0.0,7
307,Fox,Sat Nov 04 21:31:19 +0000 2017,"RT @jenbrea: It's the height of privilege to be able to look away from pain, whoever's pain it is.",-0.6249,0.1,0.637,0.263,8
308,Fox,Sat Nov 04 20:51:15 +0000 2017,"RT @rubberbanddoll: you have been visited by the jeff goldblum of happiness, please rt to bring cheer into someone's life https://t.co/vho4…",0.8481,0.338,0.662,0.0,9
309,Fox,Sat Nov 04 08:45:07 +0000 2017,"@Mandy_Kerr oh dear, it me",0.3818,0.394,0.606,0.0,10
310,Fox,Sat Nov 04 02:49:35 +0000 2017,"RT @eveewing: This is why we laughed at your “we’re going to stop abuse and harassment” grandstanding post-Rose McGowan incident, @Twitter…",-0.5267,0.109,0.657,0.234,11
311,Fox,Sat Nov 04 02:07:49 +0000 2017,"RT @aprilwensel: A team's inability to bring on junior developers reveals not a ""high bar,"" but rather a deficiency in the culture.",-0.2144,0.0,0.907,0.093,12
312,Fox,Sat Nov 04 01:51:25 +0000 2017,@ctrlaltjustine Lol pretending to be thinking ? ? ??,0.4939,0.457,0.543,0.0,13
313,Fox,Sat Nov 04 01:46:45 +0000 2017,RT @Selina_y_wang: Read my story about a former Twitter employee who says fake Russian accounts were not taken seriously https://t.co/YzfID…,-0.3781,0.07,0.786,0.143,14
314,Fox,Sat Nov 04 01:45:30 +0000 2017,"@ctrlaltjustine It was a very nice afternoon, chill hangs are the best ?",0.807,0.448,0.552,0.0,15
315,Fox,Fri Nov 03 06:31:12 +0000 2017,"RT @laura: To think what I could have earned by now....

Fighting this for my nieces. So that they can earn what they deserve.

 #LatinaEqu…",-0.3612,0.0,0.902,0.098,16
316,Fox,Fri Nov 03 06:11:08 +0000 2017,"RT @tarah: Event organizers: If you have an event anywhere at all, pay attention to this: https://t.co/RDgkhA9Tu9",-0.1027,0.0,0.92,0.08,17
317,Fox,Fri Nov 03 06:09:26 +0000 2017,Lovely feedback on my “Building Inclusive Communities” talk from @kajsaunge ? Thank you! https://t.co/dTTcuFuana,0.7644,0.375,0.625,0.0,18
318,Fox,Fri Nov 03 03:14:55 +0000 2017,Thank God for someone who has a moral spine. https://t.co/aEfGPczoQq,0.5574,0.397,0.603,0.0,19
319,Fox,Fri Nov 03 03:13:23 +0000 2017,"RT @winterjessica: ""We have learned that this was done by a Twitter customer support employee who did this on the employee’s last day"" http…",0.4019,0.109,0.891,0.0,20
320,Fox,Fri Nov 03 02:13:03 +0000 2017,Will I get verified on Twitter?,0.0,0.0,1.0,0.0,21
321,Fox,Fri Nov 03 02:11:00 +0000 2017,@webstock do you ever take talk proposals? :),0.4588,0.3,0.7,0.0,22
322,Fox,Thu Nov 02 22:24:09 +0000 2017,"@sailorhg the power of block comes handy

also, replying “no” is pretty effective, haha. still annoying though (hugs)",0.5719,0.333,0.466,0.201,23
323,Fox,Thu Nov 02 22:22:23 +0000 2017,"@sailorhg every single time I tweet about “guys” not being gender neutral I get dozen of men splaining it is, lol",0.4215,0.135,0.865,0.0,24
324,Fox,Thu Nov 02 22:13:35 +0000 2017,"@sailorhg poor men, poor men",-0.7351,0.0,0.326,0.674,25
325,Fox,Thu Nov 02 22:07:42 +0000 2017,"Finally, a meaningful update to iOS, allowing expressing myself in T-rex  yoga Dracula emoji.",0.3182,0.161,0.839,0.0,26
326,Fox,Thu Nov 02 21:15:54 +0000 2017,@RyanTownsend thanks to you! Great writing ?,0.807,0.646,0.354,0.0,27
327,Fox,Thu Nov 02 20:51:11 +0000 2017,"@dan_abramov Hah, fair enough!",0.3802,0.464,0.536,0.0,28
328,Fox,Thu Nov 02 20:50:57 +0000 2017,"If you ever wanted to speak at an inclusive tech conference, please apply! 

We got your back ? https://t.co/QmqdF44YgN",0.3802,0.132,0.868,0.0,29
329,Fox,Thu Nov 02 20:48:31 +0000 2017,@dan_abramov ?? Can I tempt you to submit a proposal? https://t.co/6XXZPqUZql,0.0,0.0,1.0,0.0,30
330,Fox,Thu Nov 02 20:11:28 +0000 2017,"?12 of @perfemail is out! Have a read for fast web fonts, image optimisation, the cost of ads &amp; more! #perfmatters https://t.co/qZ1k5MJIFG",0.4912,0.137,0.863,0.0,31
331,Fox,Thu Nov 02 05:28:48 +0000 2017,@grottlechong no,-0.296,0.0,0.312,0.688,32
332,Fox,Thu Nov 02 05:13:31 +0000 2017,RT @robynkanner: If you were wondering how much I was paid or even publicly acknowledged for pushing this rebrand it was $0 and none. https…,0.0,0.0,1.0,0.0,33
333,Fox,Thu Nov 02 04:56:01 +0000 2017,I need this game in my life ASAP. https://t.co/CJOhv2Mol3,0.0,0.0,1.0,0.0,34
334,Fox,Thu Nov 02 04:02:23 +0000 2017,"“In my communities ‘you guys’ is a non-gendered term.”

You mean all male communities? This gift just keeps on giving ?",0.6486,0.238,0.762,0.0,35
335,Fox,Thu Nov 02 03:41:27 +0000 2017,@glenmaddern Think how crap emoji will look on Android and that should get you sorted,-0.3818,0.0,0.843,0.157,36
336,Fox,Thu Nov 02 03:40:22 +0000 2017,@glenmaddern Oh no are you going to be a green bubble friend,0.25,0.222,0.625,0.153,37
337,Fox,Thu Nov 02 03:26:42 +0000 2017,"@mwichary Sexist apologetics, probably",0.0,0.0,1.0,0.0,38
338,Fox,Thu Nov 02 03:21:09 +0000 2017,"I’m going to start auto-deleting all emails including “guys”. Sorry not sorry, guys.",-0.0201,0.09,0.813,0.096,39
339,Fox,Thu Nov 02 02:47:49 +0000 2017,@notwaldorf a friendly reminder about our Call for Speakers… ?? https://t.co/6XXZPqUZql,0.4939,0.262,0.738,0.0,40
340,Fox,Thu Nov 02 02:42:19 +0000 2017,"What are some amazing CSS, JavaScript, tech culture, open source talks you’ve seen within last year?",0.5859,0.202,0.798,0.0,41
341,Fox,Thu Nov 02 02:36:37 +0000 2017,"Can’t make this up.

Me corrects using guys towards mixed gender group
Man: “I call everyone guys but a lot of people don't so I understand”",0.0,0.0,1.0,0.0,42
342,Fox,Thu Nov 02 02:29:18 +0000 2017,@figmadesign any plans for HSLa support in the colour picker?,0.4019,0.231,0.769,0.0,43
343,Fox,Thu Nov 02 01:59:58 +0000 2017,?? https://t.co/VmrxtqT1oY,0.0,0.0,1.0,0.0,44
344,Fox,Thu Nov 02 01:57:43 +0000 2017,"I’m loving how empowering @patreon is. If you’re an activist or want to fund efforts in any other field, try it! 

https://t.co/owmqqVPBE1",0.6696,0.215,0.785,0.0,45
345,Fox,Thu Nov 02 01:42:54 +0000 2017,Lovely visual guide to email design by folks at @mailchimp! https://t.co/dTP2VWjAv8,0.6239,0.29,0.71,0.0,46
346,Fox,Wed Nov 01 23:46:43 +0000 2017,"@Mandy_Kerr Hopefully, we will meet the goal ? Next step would be to have travel stipends, but that’s out of the question for now.",0.2144,0.078,0.922,0.0,47
347,Fox,Wed Nov 01 23:02:37 +0000 2017,In order to change the culture in the industry we have to call these things out. It’s our responsibility to refuse to speak at such events.,-0.296,0.0,0.919,0.081,48
348,Fox,Wed Nov 01 23:00:47 +0000 2017,I’m yet to see a conference in Poland living up to any standards of safety and non-100%-male-lineup. The only exception is @fronttrends.,0.4215,0.123,0.877,0.0,49
349,Fox,Wed Nov 01 23:00:08 +0000 2017,"Code of Conducts done wrong: no reporting info, no guidelines on what behaviour is prohibited. This is harmful,… https://t.co/IEgevkxPes",-0.7579,0.0,0.681,0.319,50
350,Fox,Wed Nov 01 21:59:48 +0000 2017,"@mikeal Where’s the open web, I don’t even know. Some do better than others, but in general it’s pretty messed up.",0.4854,0.237,0.645,0.118,51
351,Fox,Wed Nov 01 21:59:22 +0000 2017,"@mikeal Haha, I’m practicing my “polite rant” approach. But I was pretty pissed off writing it. The experience was… https://t.co/zIcwXmpuZm",0.25,0.235,0.606,0.159,52
352,Fox,Wed Nov 01 21:17:51 +0000 2017,"@MilieuGrotesque — hey, your trial font files are broken for Maison Neue. Seems like an entirely different typeface altogether.",-0.1531,0.116,0.741,0.144,53
353,Fox,Wed Nov 01 21:14:44 +0000 2017,"Not mentioning the usability or speed of type foundry websites. Trying to be artistic so hard, sacrificing the user experience.",-0.2183,0.0,0.911,0.089,54
354,Fox,Wed Nov 01 21:12:43 +0000 2017,"Most foundries don’t offer not-for-profit discounts and force to pay for minimum 500,000 views/month. What about small projects?!",-0.1759,0.0,0.909,0.091,55
355,Fox,Wed Nov 01 21:12:02 +0000 2017,"But when a foundry is providing broken test font files, charging €150 per font variant (!) it’s getting a little bit obscene.",-0.7854,0.0,0.722,0.278,56
356,Fox,Wed Nov 01 21:11:21 +0000 2017,I’m fine paying for good fonts. I’ve spent quite a bit in the past on typefaces I really loved.,0.8357,0.388,0.612,0.0,57
357,Fox,Wed Nov 01 21:11:04 +0000 2017,"I understand the outrage about web font piracy and how many files are hosted on Github, free to access by virtually anyone.",0.0,0.129,0.742,0.129,58
358,Fox,Wed Nov 01 21:10:41 +0000 2017,I have a few thoughts about type foundries and selling web fonts.,0.0,0.0,1.0,0.0,59
359,Fox,Wed Nov 01 20:43:17 +0000 2017,@waferbaby only seen one episode so far. Was too jet lagged ?,-0.296,0.0,0.82,0.18,60
360,Fox,Wed Nov 01 20:37:27 +0000 2017,@waferbaby No spoilers Dan,-0.296,0.0,0.577,0.423,61
361,Fox,Wed Nov 01 20:27:00 +0000 2017,"RT @sarahmei: Hello white male successful people! When someone asks you how to get ahead, please NEVER say ""just do good work &amp; you'll be t…",0.8516,0.288,0.712,0.0,62
362,Fox,Wed Nov 01 19:01:11 +0000 2017,"@g33konaut ? thank you, Martin!!",0.4738,0.507,0.493,0.0,63
363,Fox,Wed Nov 01 19:00:48 +0000 2017,"@LewisCowper Thank you, Lewis ?",0.3612,0.455,0.545,0.0,64
364,Fox,Wed Nov 01 18:56:28 +0000 2017,"@szynszyliszys Nah, it’s not on the CFP page, will add it :)",0.3818,0.208,0.694,0.097,65
365,Fox,Wed Nov 01 18:36:38 +0000 2017,"@szynszyliszys March 20-23, 2018. It’s on the landing page.",0.0,0.0,1.0,0.0,66
366,Fox,Wed Nov 01 09:43:11 +0000 2017,"We especially welcome members of underrepresented groups: women, people of colour, LGBTQI+ community and more. We’re here to empower you.",0.5095,0.148,0.852,0.0,67
367,Fox,Wed Nov 01 09:42:10 +0000 2017,"All of the requirements, advice, pointers and speaker perks can be found on the websites. Pro tip: don’t wait till the last minute to apply.",0.0,0.0,1.0,0.0,68
368,Fox,Wed Nov 01 09:40:12 +0000 2017,"Call for Speakers for @jsconfau+@cssconfau is up. Apply before Dec 1. Everyone’s welcome ??

https://t.co/6XXZPqUZql
https://t.co/82TqrRw4oC",0.4588,0.167,0.833,0.0,69
369,Fox,Wed Nov 01 04:52:50 +0000 2017,"A fascinating slide deck on why women don’t advance to leadership and senior roles. Kudos, @clevergirl! https://t.co/nCHy9guwBF",0.7959,0.336,0.664,0.0,70
370,Fox,Wed Nov 01 00:53:09 +0000 2017,@superhighfives @glenmaddern is it landing at MOMA soon or what,0.0,0.0,1.0,0.0,71
371,Fox,Wed Nov 01 00:14:09 +0000 2017,"@ctrlaltjustine Yes, also what is wrong with being snuggled by your activewear?? What are you saying?!!!",-0.4245,0.127,0.66,0.213,72
372,Fox,Wed Nov 01 00:05:56 +0000 2017,All I want is @OutdoorVoices international shipping so I can wear activewear forever.,0.0772,0.115,0.885,0.0,73
373,Fox,Tue Oct 31 23:55:55 +0000 2017,@ctrlaltjustine @amelielamont Uhhhh now I want tart,0.0772,0.206,0.794,0.0,74
374,Fox,Tue Oct 31 23:33:05 +0000 2017,@odajay We haven’t launched the Opportunity Program yet. But if you follow the conference accounts you’ll definitely know when to apply :),0.8402,0.357,0.643,0.0,75
375,Fox,Tue Oct 31 22:46:59 +0000 2017,"@thebogandev Yep, have that one already :) wrote about it in one of my talks. It’s great!",0.8622,0.407,0.593,0.0,76
376,Fox,Tue Oct 31 22:46:18 +0000 2017,If your organisation can help us offer free tickets for underrepresented groups ? sponsors [at] https://t.co/lQJgwsGA9D.,0.7184,0.316,0.684,0.0,77
377,Fox,Tue Oct 31 22:43:26 +0000 2017,"We’re intending to send 50 people for free to @cssconfau and @jsconfau 2018 as a part of our Opportunity Program. 

?",0.7269,0.264,0.736,0.0,78
378,Fox,Tue Oct 31 22:42:10 +0000 2017,"@mknepprath Yay, awesome! ??",0.8313,0.796,0.204,0.0,79
379,Fox,Tue Oct 31 22:39:54 +0000 2017,What are your favourite Visual Studio Code components and tips? I’m switching from Atom ?,0.0,0.0,1.0,0.0,80
380,Fox,Tue Oct 31 22:23:44 +0000 2017,A great repository with diversity and inclusion resources. https://t.co/rDsWSr82Vx,0.6249,0.369,0.631,0.0,81
381,Fox,Tue Oct 31 19:43:12 +0000 2017,@sharkie555 there is no language in which guys is gender neutral,-0.296,0.0,0.82,0.18,82
382,Fox,Tue Oct 31 19:35:21 +0000 2017,@dantoml YES,0.5319,0.774,0.226,0.0,83
383,Fox,Tue Oct 31 19:34:04 +0000 2017,One of my winning moments as a conference organiser is correcting all the men emailing us with “Hey guys”.,0.5267,0.167,0.833,0.0,84
384,Fox,Tue Oct 31 05:12:30 +0000 2017,@waferbaby what is life Dan,0.0,0.0,1.0,0.0,85
385,Fox,Tue Oct 31 05:10:02 +0000 2017,"When you just flew in back home and are having conversations across three timezones: 

?????",0.0,0.0,1.0,0.0,86
386,Fox,Mon Oct 30 03:54:16 +0000 2017,@yassmin_a Lie-fi is the worst type of connectivity ever invented. That’s why it’s important to make the Web fast and work offline ? ??,-0.5859,0.066,0.73,0.204,87
387,Fox,Mon Oct 30 02:06:39 +0000 2017,@patrickhamann nice seeing you! safe travels!,0.7418,0.611,0.389,0.0,88
388,Fox,Mon Oct 30 02:00:40 +0000 2017,Thanks to everyone who spent time with us in San Francisco! We had a great (and busy) trip. Time to head back down under and rest ?,0.807,0.241,0.759,0.0,89
389,Fox,Sun Oct 29 23:57:04 +0000 2017,This is the best photo I’ve ever taken. https://t.co/PCpiY1zWAL,0.6369,0.344,0.656,0.0,90
390,Fox,Sat Oct 28 17:26:49 +0000 2017,"@andreasdotorg it was pretty chill, actually",0.4939,0.39,0.61,0.0,91
391,Fox,Sat Oct 28 17:22:54 +0000 2017,Once I’ve succeeded at getting remote work from US startups thought Polish people were cheap labour and paid me less than others.,0.4215,0.118,0.882,0.0,92
392,Fox,Sat Oct 28 17:21:47 +0000 2017,Wages in Eastern Europe were hilariously low even for tech for a long time. It was really hard to break through outside of the country.,-0.4201,0.0,0.853,0.147,93
393,Fox,Sat Oct 28 17:20:01 +0000 2017,"First non-freelance work
2010
Kraków, Poland
Front-end Dev intern
$800/month

https://t.co/gyyK1UIndi",0.0,0.0,1.0,0.0,94
394,Fox,Sat Oct 28 16:52:02 +0000 2017,RT @gillianbwhite: I’m working on a story about sexual harassment on Wall St and in big law. If you’d like to talk: gillian@theatlantic.com…,-0.25,0.096,0.769,0.135,95
395,Fox,Sat Oct 28 16:14:43 +0000 2017,@yassmin_a really need that drop mic emoji https://t.co/7lQrUu0BAH,-0.3321,0.0,0.748,0.252,96
396,Fox,Sat Oct 28 16:10:52 +0000 2017,"RT @maybekatz: A thought for y'all white and nbpoc:

How about instead of saying you're ""woke""

you say ""I grew the fuck up""

?

thx",-0.25,0.093,0.778,0.13,97
397,Fox,Sat Oct 28 15:56:44 +0000 2017,"@paddycarver thank you for your kind words, Paddy! ?",0.7345,0.508,0.492,0.0,98
398,Fox,Sat Oct 28 03:29:06 +0000 2017,@joaolucasluc I’ll be publishing an organizer-oriented checklist for diversity &amp; inclusion. Otherwise look at other… https://t.co/U2uT8fPfyE,0.0,0.0,1.0,0.0,99
399,Fox,Sat Oct 28 03:28:10 +0000 2017,@joaolucasluc It’d take hours to explain how we run it and what we do. We’ve written a bunch about it in the past (… https://t.co/8CRmXWAXWo,0.0,0.0,1.0,0.0,100
400,nytimes,Sun Nov 05 20:52:03 +0000 2017,Conan O’Brien may be taking more artistic risks than any other late-night host https://t.co/4shU1bgOCo,-0.3353,0.0,0.845,0.155,1
401,nytimes,Sun Nov 05 20:49:18 +0000 2017,"RT @arappeport: I.R.S. commissioner, demonized by conservatives, leaves on his terms w/ no apologies. “Survival is its own reward.” https:/…",-0.296,0.0,0.896,0.104,2
402,nytimes,Sun Nov 05 20:45:05 +0000 2017,Democrats argue that the wave of retirements will help them retake the House https://t.co/IzVkertrVt,0.0772,0.158,0.702,0.14,3
403,nytimes,Sun Nov 05 20:37:08 +0000 2017,"He kept crime rates low in his first term. Now, Mayor de Blasio has a plan to make police officers nicer. https://t.co/9W1fI7EGcw",-0.4019,0.109,0.679,0.211,4
404,nytimes,Sun Nov 05 20:30:06 +0000 2017,We used VR to explore what music feels like to a deaf person https://t.co/ApNIF1loo1,0.3612,0.172,0.828,0.0,5
405,nytimes,Sun Nov 05 20:22:32 +0000 2017,More than 20 people were killed after a gunman walked into a church in a rural town 30 miles east of San Antonio https://t.co/eL5QUzCWv6,-0.6705,0.0,0.816,0.184,6
406,nytimes,Sun Nov 05 20:15:03 +0000 2017,"When behavior goes unseen or ignored by employers, “whisper networks” can provide women with vital support systems https://t.co/4V2qikUqdq",0.3818,0.221,0.676,0.104,7
407,nytimes,Sun Nov 05 20:00:13 +0000 2017,"“There’s a public perception... that Canada is a steward of the environment, but in fact the opposite is true” https://t.co/DGu2q2v0uc",0.0,0.0,1.0,0.0,8
408,nytimes,Sun Nov 05 19:56:59 +0000 2017,"Breaking News: Several people were killed, including the gunman, in a shooting at a church near San Antonio https://t.co/FXvUKLFCZh",-0.6705,0.0,0.78,0.22,9
409,nytimes,Sun Nov 05 19:45:05 +0000 2017,"In books like “My Secret Garden: Women’s Sexual Fantasies,” Nancy Friday helped establish “a confessional feminism” https://t.co/0Jo4hBnt22",0.3612,0.135,0.865,0.0,10
410,nytimes,Sun Nov 05 19:30:04 +0000 2017,"Opinion: By fretting about food, we turn occasions for comfort and joy into sources of fear and anxiety https://t.co/E1xfBbPsoz",0.34,0.24,0.573,0.187,11
411,nytimes,Sun Nov 05 19:15:06 +0000 2017,Many parennials give their children YouTube channels from the first sonogram and hashtags when they’re born https://t.co/SfIeFdaJkI,0.0,0.0,1.0,0.0,12
412,nytimes,Sun Nov 05 19:00:11 +0000 2017,"Michael Urie's first reaction to taking over Harvey Fierstein's part in ""Torch Song""? ""It was way too scary."" https://t.co/5iEkuJIL3b",0.0,0.0,1.0,0.0,13
413,nytimes,Sun Nov 05 18:45:07 +0000 2017,Behind Yuri Milner's investments in Facebook and Twitter were hundreds of millions of dollars from the Kremlin https://t.co/1nVIa0y2zf,0.0,0.0,1.0,0.0,14
414,nytimes,Sun Nov 05 18:44:32 +0000 2017,@jeffbercovici We sent a sports alert for Shalane Flanagan's victory: https://t.co/zae1UjlCfH. Kamworor's win also received a sports alert.,0.802,0.387,0.613,0.0,15
415,nytimes,Sun Nov 05 18:30:03 +0000 2017,Even the columnist’s daughter criticized his description of the press secretary as a “slightly chunky soccer mom” https://t.co/IDmfVEC1tJ,-0.3612,0.0,0.865,0.135,16
416,nytimes,Sun Nov 05 18:15:07 +0000 2017,Commerce Secretary Wilbur Ross has profited handsomely from a shipping company with business ties to Putin’s family https://t.co/DkZO3TdANj,0.6369,0.257,0.743,0.0,17
417,nytimes,Sun Nov 05 18:00:16 +0000 2017,"With tears and maybe a few colorful words, Flanagan won the race with a time of 2 hours 26 minutes 53 seconds… https://t.co/0LhSE1xlcO",0.4215,0.157,0.763,0.081,18
418,nytimes,Sun Nov 05 17:45:12 +0000 2017,"“No one — no dictator, no regime and no nation — should underestimate, ever, American resolve,” Trump said https://t.co/NwU7mi9SWb",-0.7783,0.0,0.596,0.404,19
419,nytimes,Sun Nov 05 17:30:08 +0000 2017,Spanish authorities are seeking to prosecute 20 politicians on rebellion for declaring Catalonia’s independence https://t.co/ynd3olMZZc,-0.4939,0.0,0.756,0.244,20
420,nytimes,Sun Nov 05 17:15:12 +0000 2017,Here are the top story lines for NFL Week 9 https://t.co/IjblFapJPY,0.2023,0.167,0.833,0.0,21
421,nytimes,Sun Nov 05 17:05:26 +0000 2017,"Geoffrey Kamworor of Kenya, a two-time world champion in the half-marathon, won the men’s race https://t.co/25dHU1O74x",0.8225,0.369,0.631,0.0,22
422,nytimes,Sun Nov 05 17:00:16 +0000 2017,Why was Larry David making jokes about trying to pick up women at a concentration camp? https://t.co/9hp5blyqf2,0.25,0.118,0.882,0.0,23
423,nytimes,Sun Nov 05 16:51:12 +0000 2017,"Shalane Flanagan won the New York City Marathon, the first American woman to finish first since 1977 https://t.co/Ge88TTiRRh",0.5719,0.179,0.821,0.0,24
424,nytimes,Sun Nov 05 16:45:04 +0000 2017,The 6 crew members living in isolation for a NASA-funded study exit their habitat in Hawaii after 8 months… https://t.co/SZ5TUVfAKE,-0.4019,0.0,0.856,0.144,25
425,nytimes,Sun Nov 05 16:30:07 +0000 2017,"Opinion: Everyone lies to the tax man, knowingly or unknowingly https://t.co/NI9jte1r0n https://t.co/5YOOU6oH0c",-0.4215,0.0,0.797,0.203,26
426,nytimes,Sun Nov 05 16:15:08 +0000 2017,"An act of defiance and audacity that helped propel the long, slow march to women’s suffrage https://t.co/BcDhDMU1Ur",0.0,0.0,1.0,0.0,27
427,nytimes,Sun Nov 05 16:00:04 +0000 2017,A Catholic deacon who ran a transitional home for men with a history of addiction or crime was stabbed to death https://t.co/XiIjOU4UJw,-0.8834,0.0,0.608,0.392,28
428,nytimes,Sun Nov 05 15:47:51 +0000 2017,"RT @nytopinion: Will the G.O.P. try to challenge Trump in 2020? His unpopularity is stark, but not among his party’s voters. 
https://t.co/…",0.0387,0.052,0.948,0.0,29
429,nytimes,Sun Nov 05 15:45:03 +0000 2017,Should Americans switch to year-round Daylight Saving Time? https://t.co/2truGkvPLo (This story from March is rather timely today.),0.0,0.0,1.0,0.0,30
430,nytimes,Sun Nov 05 15:30:10 +0000 2017,Aaaaand they’re off https://t.co/a6WDwWi4Uh,0.0,0.0,1.0,0.0,31
431,nytimes,Sun Nov 05 15:15:08 +0000 2017,"His is a family of doers in the face of adversity, whether a marathon or political oppression https://t.co/Jd4WQsTN8R",-0.4215,0.0,0.843,0.157,32
432,nytimes,Sun Nov 05 15:02:07 +0000 2017,"Britain now stands as one of the world’s weakest major economies, even as the world enjoys relatively robust growth https://t.co/uRtlH5ygaM",0.6124,0.301,0.58,0.12,33
433,nytimes,Sun Nov 05 14:50:09 +0000 2017,RT @dougmillsnyt: .@realDonaldTrump waves from the golf cart as @AbeShinzo drives them to the clubhouse in Tokyo Japan. #POTUSinAsia https:…,0.0,0.0,1.0,0.0,34
434,nytimes,Sun Nov 05 14:45:31 +0000 2017,Malliotakis as Manager: Lessons From Hurricane Sandy and Albany https://t.co/TXl978tjao,0.0,0.0,1.0,0.0,35
435,nytimes,Sun Nov 05 14:25:39 +0000 2017,Ex-Leader of Catalonia Turns Himself In to Police in Brussels https://t.co/iwAG5wzajD,0.0,0.0,1.0,0.0,36
436,nytimes,Sun Nov 05 14:19:34 +0000 2017,? https://t.co/1Uo2dIlkKC,0.0,0.0,1.0,0.0,37
437,nytimes,Sun Nov 05 14:12:03 +0000 2017,RT @NYTSports: The marathon great Meb Keflezighi is retiring by running the New York City Marathon on Sunday. What will you do? https://t.c…,0.6249,0.157,0.843,0.0,38
438,nytimes,Sun Nov 05 13:53:34 +0000 2017,The White House had no immediate comment on whether Trump’s call should be interpreted as an endorsement of arrests https://t.co/NQ4q09r4hH,-0.4215,0.094,0.697,0.209,39
439,nytimes,Sun Nov 05 13:46:05 +0000 2017,"Among Prince Alwaleed’s crown jewels: sizable stakes in Twitter, Lyft, Citigroup and 21st Century Fox https://t.co/IreBfYVeqP",0.4588,0.167,0.833,0.0,40
440,nytimes,Sun Nov 05 13:40:03 +0000 2017,"Saudi Arabia’s sweeping campaign of arrests included Prince Alwaleed bin Talal, one of the world’s richest men https://t.co/EpWCYe8tky",0.128,0.152,0.717,0.13,41
441,nytimes,Sun Nov 05 13:30:12 +0000 2017,"It's the stuff of liberal fantasies: a vast, defiant territory governed by Democrats resisting Trump at every turn https://t.co/1YbErsvnr2",-0.2263,0.0,0.899,0.101,42
442,nytimes,Sun Nov 05 13:17:40 +0000 2017,Life on Mars: Return to Earth https://t.co/O4xTfSV87h,0.0,0.0,1.0,0.0,43
443,nytimes,Sun Nov 05 13:14:49 +0000 2017,Upshot/Siena Poll Gives Democrat Narrow Lead in Virginia Governor’s Race https://t.co/Ko32pgfnjf,0.0,0.0,1.0,0.0,44
444,nytimes,Sun Nov 05 13:00:16 +0000 2017,Who gets to go on a major presidential trip? It's an exercise in internal politics. https://t.co/kyeg52T5U8,0.0,0.0,1.0,0.0,45
445,nytimes,Sun Nov 05 12:45:06 +0000 2017,"In 1972, NYC marathon organizer Fred Lebow contacted The Times. Be at the start, he said. You won't want to miss it… https://t.co/ux8tmN1nAq",0.0572,0.061,0.887,0.052,46
446,nytimes,Sun Nov 05 12:30:09 +0000 2017,Detroit is still trying to recover after the 2008 financial crisis and the 2013 bankruptcy gutted its housing market https://t.co/zkip3W6RpG,-0.6249,0.0,0.823,0.177,47
447,nytimes,Sun Nov 05 12:21:08 +0000 2017,Exposures: Puerto Rico in the Dark https://t.co/NQjNp6sEbN,0.0,0.0,1.0,0.0,48
448,nytimes,Sun Nov 05 12:00:27 +0000 2017,Tucked away in the GOP tax plan are several provisions meant to get conservative lawmakers to vote for it https://t.co/JhwFcvUnQO,0.0,0.0,1.0,0.0,49
449,nytimes,Sun Nov 05 11:57:51 +0000 2017,"More Anxiety, and More Police, Expected at New York City Marathon https://t.co/6fDeAbbarg",-0.2484,0.0,0.847,0.153,50
450,nytimes,Sun Nov 05 11:30:09 +0000 2017,Joe Lockhart was in the crossfire during the Clinton impeachment. Now he's defending NFL players kneeling. https://t.co/0pvoi3r2cO,0.0,0.0,1.0,0.0,51
451,nytimes,Sun Nov 05 11:11:30 +0000 2017,Field Notes: The Bridal Shop Just Closed. How to Rescue the Day. https://t.co/14hs5vDWmc,0.5106,0.216,0.784,0.0,52
452,nytimes,Sun Nov 05 11:00:18 +0000 2017,Youtube contains dark corners as videos that are disturbing for children slip past its filters https://t.co/C94P59X5wV,-0.5106,0.0,0.82,0.18,53
453,nytimes,Sun Nov 05 09:50:29 +0000 2017,"Modern Love: Recognizing What They Had, 20 Years Too Late https://t.co/v1K37ABIvw",0.6369,0.296,0.704,0.0,54
454,nytimes,Sun Nov 05 09:47:09 +0000 2017,Global Health: Deadly Plague Outbreak in Madagascar Appears to Wane https://t.co/E40FVRku1n,0.0,0.0,1.0,0.0,55
455,nytimes,Sun Nov 05 09:45:33 +0000 2017,The 2018 Michelin Guide New York City has been released https://t.co/sN9Sv5HmCF,0.0,0.0,1.0,0.0,56
456,nytimes,Sun Nov 05 09:28:11 +0000 2017,"The week's 10 most notable new songs, including Bruce Springsteen and Rihanna https://t.co/SgbiIf7UEu",0.0,0.0,1.0,0.0,57
457,nytimes,Sun Nov 05 09:10:30 +0000 2017,These musicians are forced to perform for high-caste Hindus. But the killing of one of their own was the last straw. https://t.co/yIm1nXUJFq,-0.8126,0.0,0.73,0.27,58
458,nytimes,Sun Nov 05 08:53:20 +0000 2017,Designers have finally figured out how to dress Olympic athletes without looking like they're trying too hard https://t.co/TVfFSWB4xp,-0.3632,0.0,0.82,0.18,59
459,nytimes,Sun Nov 05 08:36:23 +0000 2017,How Facebook's algorithm determines the fate of start-ups https://t.co/8kTuBBKeEH,0.0,0.0,1.0,0.0,60
460,nytimes,Sun Nov 05 08:18:57 +0000 2017,"Tens of thousands of people in Togo are demanding the nation's president resign, whose family has ruled for 50 years https://t.co/CbqY1GCLKv",-0.5106,0.0,0.815,0.185,61
461,nytimes,Sun Nov 05 08:00:18 +0000 2017,‘Saturday Night Live’: Alec Baldwin and Larry David Contribute to an Awkward Episode https://t.co/pok8aizcN8,-0.1531,0.0,0.89,0.11,62
462,nytimes,Sun Nov 05 07:55:44 +0000 2017,Japanese art is more than just cliché zen gardens and cutesy Hello Kitty https://t.co/kKL3U9MxzI,0.4767,0.193,0.807,0.0,63
463,nytimes,Sun Nov 05 07:39:18 +0000 2017,"The diversity visa lottery, explained https://t.co/XohR0x5V0g",0.0,0.0,1.0,0.0,64
464,nytimes,Sun Nov 05 07:22:38 +0000 2017,Where the STEM jobs are (and where they aren't) https://t.co/byInsbrpPL https://t.co/B2BeBLnSLn,0.0,0.0,1.0,0.0,65
465,nytimes,Sun Nov 05 07:05:36 +0000 2017,"In 1979, Bob Dylan announced his embrace of Christianity. That period gets a second look on ""Trouble No More."" https://t.co/IjETz7sgm8",-0.3818,0.099,0.69,0.211,66
466,nytimes,Sun Nov 05 06:48:21 +0000 2017,"""It didn't matter there was an ocean between them and different continents, they both love fiercely"" https://t.co/dlom5MXVnk",0.6281,0.207,0.74,0.053,67
467,nytimes,Sun Nov 05 06:31:14 +0000 2017,"“Alias Grace” is a story about storytelling and Sarah Gadon is mesmerizing as the star, writes @poniewozik https://t.co/wOCe89dxgh",0.0,0.0,1.0,0.0,68
468,nytimes,Sun Nov 05 06:13:39 +0000 2017,"At a nightclub in Liberia, we found a stylish music scene unencumbered by the country’s past https://t.co/ry9cuWgDc2 https://t.co/4FsJ4gRn1x",0.0,0.0,1.0,0.0,69
469,nytimes,Sun Nov 05 05:56:02 +0000 2017,What did Bernie Sanders learn about Canada's health system? Doctors like free health care as much as patients do. https://t.co/zPds0lBn6V,0.8402,0.346,0.654,0.0,70
470,nytimes,Sun Nov 05 05:39:23 +0000 2017,"Wine usually takes the spotlight at Thanksgiving dinner, but beers are just as good of a complement https://t.co/WdUILym2jj",0.5927,0.194,0.806,0.0,71
471,nytimes,Sun Nov 05 05:20:25 +0000 2017,Op-Ed Contributor: How ISIS helped peace in the Philippines’s Muslim south https://t.co/ICpCuDLNax,0.5423,0.241,0.759,0.0,72
472,nytimes,Sun Nov 05 05:12:58 +0000 2017,Let the dancing begin?? https://t.co/cKAXP2Z7WO,0.0,0.0,1.0,0.0,73
473,nytimes,Sun Nov 05 04:56:28 +0000 2017,"Citigroup, 21st Century Fox, Twitter: Prince’s Arrest Touches Many https://t.co/UOsfKysdE9",-0.34,0.0,0.789,0.211,74
474,nytimes,Sun Nov 05 04:47:21 +0000 2017,Trump Arrives in Asia With Focus on Trade and North Korea https://t.co/FNmWwvYxG1,0.0,0.0,1.0,0.0,75
475,nytimes,Sun Nov 05 04:35:49 +0000 2017,Opinion: Why the world loves New York https://t.co/bDtPbZVzFi,0.5719,0.346,0.654,0.0,76
476,nytimes,Sun Nov 05 04:18:40 +0000 2017,"RT @Julseas: Thanksgiving: So many of us celebrate it, yet it’s so different for us all. Tell us your holiday story: https://t.co/3hSZd4j8G6",0.7506,0.242,0.758,0.0,77
477,nytimes,Sun Nov 05 04:01:13 +0000 2017,A 14-year-old model died while on an assignment in China. Investigators are looking into whether neglect caused it. https://t.co/TEPJe5spCy,-0.765,0.0,0.708,0.292,78
478,nytimes,Sun Nov 05 03:42:57 +0000 2017,"While you can’t control your age, you can slow the decline of aging with smart choices along the way https://t.co/jhwxXfQQPg",0.4019,0.124,0.876,0.0,79
479,nytimes,Sun Nov 05 03:24:18 +0000 2017,What do colleges want in an applicant? Everything. https://t.co/eixg3GOhBb,0.0772,0.14,0.86,0.0,80
480,nytimes,Sun Nov 05 03:05:24 +0000 2017,Opinion: And then they came for Robert Mueller https://t.co/H3WRjwTKse,0.0,0.0,1.0,0.0,81
481,nytimes,Sun Nov 05 02:47:08 +0000 2017,"2 months after Harvey, Houston still suffers from a kind of PTSD. I see it in myself and I see it in others. https://t.co/pliiN1QwVs",-0.4767,0.0,0.86,0.14,82
482,nytimes,Sun Nov 05 02:29:23 +0000 2017,A pizza for fall https://t.co/R4w3jIWsrH,0.0,0.0,1.0,0.0,83
483,nytimes,Sun Nov 05 02:10:41 +0000 2017,"5 Pieces of Inspiration, and Tips, for Travel in Turbulent Times https://t.co/Tly7P11vTX",0.5267,0.254,0.746,0.0,84
484,nytimes,Sun Nov 05 02:07:03 +0000 2017,"What colleges want in an applicant (everything)
https://t.co/pHvvgro1Yo",0.0772,0.157,0.843,0.0,85
485,nytimes,Sun Nov 05 01:48:47 +0000 2017,"Every month, streaming services add a new batch of movies and TV shows to their libraries. Here's what to watch. https://t.co/KrkJMusSNw",0.0,0.0,1.0,0.0,86
486,nytimes,Sun Nov 05 01:31:09 +0000 2017,Shepard Fairey has gone from great heights to dramatic lows. Now he's moving on. https://t.co/SJQMnVI2YW,0.5106,0.217,0.688,0.095,87
487,nytimes,Sun Nov 05 01:13:21 +0000 2017,Feeling groggy? Here's how to stop robbing yourself of a good night's sleep. https://t.co/lMHHwvQC6w,0.296,0.265,0.602,0.133,88
488,nytimes,Sun Nov 05 00:54:56 +0000 2017,The NYT tech review of the iPhone X https://t.co/yr42Wa7cTB,0.0,0.0,1.0,0.0,89
489,nytimes,Sun Nov 05 00:37:05 +0000 2017,"“Frankly, I can’t think of two people who deserve each other more than Andrew Weissmann and Donald Trump” https://t.co/XQI7fVwKOu",0.0,0.0,1.0,0.0,90
490,nytimes,Sun Nov 05 00:19:26 +0000 2017,"These are the ads Russia bought on Facebook in 2016
https://t.co/UrwknLOFhN",0.0,0.0,1.0,0.0,91
491,nytimes,Sun Nov 05 00:18:02 +0000 2017,"Breaking News: Saudi Arabia arrests at least 11 princes in an apparent move to consolidate power for the king's son
https://t.co/FcXjNQeg9J",-0.4404,0.0,0.873,0.127,92
492,nytimes,Sun Nov 05 00:03:08 +0000 2017,"Shepard Fairey has gone from great heights to dramatic lows. Now he’s moving on, with his biggest gallery show yet. https://t.co/jx9rqmZQ5S",0.5106,0.165,0.763,0.072,93
493,nytimes,Sat Nov 04 23:46:15 +0000 2017,6 charts that help explain the Republican tax plan https://t.co/38o9CtvlhB https://t.co/y7lRGkncWC,0.4019,0.231,0.769,0.0,94
494,nytimes,Sat Nov 04 23:28:14 +0000 2017,"A procedure used to relieve chest pain in over 500,000 heart patients each year is often useless, a study reported https://t.co/wBifDf5Y6b",-0.5574,0.102,0.65,0.248,95
495,nytimes,Sat Nov 04 23:09:33 +0000 2017,Scientists have uncovered a previously unknown void in the Great Pyramid of Giza by using a cosmic particle detector https://t.co/enVFIFPiLJ,0.6249,0.194,0.806,0.0,96
496,nytimes,Sat Nov 04 22:51:07 +0000 2017,"""Allahu akbar"" has somehow become inextricably intertwined with terrorism. Its real meaning is far more innocent. https://t.co/CW5Bygev4G",-0.4417,0.121,0.673,0.206,97
497,nytimes,Sat Nov 04 22:33:07 +0000 2017,Senator Rand Paul Assaulted at His Home in Kentucky https://t.co/NOs5mK5f9f,-0.5267,0.0,0.726,0.274,98
498,nytimes,Sat Nov 04 22:31:04 +0000 2017,"For a moment, it looked as if Trump was going to vindicate Republicans' views on Guantánamo. He didn't. https://t.co/5oIQHQSPJ5",0.0772,0.071,0.929,0.0,99
499,nytimes,Sat Nov 04 22:16:03 +0000 2017,"Opinion: Why shutter Teen Vogue now, when the brand seemed more in the spotlight than ever? https://t.co/AGMrrhNLyj",0.0,0.0,1.0,0.0,100
